Title,Company,Location,Posted,Applicants,Easy Apply,Description,URL,Keyword
Operations Analyst,Carters Inc.,"Atlanta, GA",1 minute ago,"4 people clicked apply

Promoted by hirer",True,"About the job

Serving the needs of all families with young children, Carter’s Inc. is the largest North American apparel retailer exclusively for babies and young children, encompassing Carter’s, OshKosh B’gosh, Skip*Hop and Little Planet brands. Meaningful work, constant learning, genuine people, and a community guided by core values that promote inclusion and innovation is in everything we do. There are many reasons to build your career at Carter's.

How You’ll Make An Impact

The Operations Analyst provides analytical skills to ensure our brands have the right product, in the right place, at the right time. This role involves making daily decisions that maximize profitability and has a large impact on sales, margin, and inventory.

50%: Buying/Forecasting

 Create and maintain buys for all business units, including any negotiations with factories on delays, shortages, or overages

 Execute necessary revisions to buys, driven by changes in customer demand and/or changes in global supply chain operation

 Monitor vendor performance and execute any logistic changes needed to meet expected deliverables

 Manage the physical flow of inventory to support both customer demand and warehouse capacities

 Publish monthly costing and capacity supply forecasts to factories, sourcing, and production teams

30%: Order management

 Proactively monitors and analyzes customer purchase orders and all related aspects.

 Determine the business impact of any delivery issues, prioritize, and communicate any issues related to product flow as they arise

 Communicate with transportation/warehouse teams to execute shipments to customers on time.

 Compile all necessary documentation for customer item setups and customs compliance for import into final country destinations

 Meet with external customer teams to provide information and support as needed for clear communication and positive results

20%: WIP inventory management/Reporting/Project Management

 Manage weekly Clubs inbound inventory/WIP

 Analyze on-hand inventory files and communicate with sales team and internal partners

 Collaborate with transportation, DC, and Sales daily to maximize revenue goals

 Provide weekly reporting to cross-functional teams on operational performance of the brand

 Work independently on projects for high-priority programs

 Proactively uncover opportunities to improve processes and create efficient tools

Must Have

WE’D LOVE TO HEAR FROM YOU IF:

 Bachelor’s Degree Or Equivalent Experience Required

 Customer focused and have a sense of urgency

 Ability to multitask with shifting priorities

 Solid understanding of Inventory Management and Forecasting principles

 Strong numeric, analytical, and critical thinking skills

 Ability to combine analytical skills with practical business knowledge

 Excellent communication, analytical, leadership, and interpersonal skills

 Ability to work across organizational boundaries and levels

 Understand financial impact of decisions

 Proactively identifies and implements process improvements to generate additional revenue and reduce non-value add work

 Process improvement minded

 Create reports to provide detailed data regarding historical order and shipping patterns

Preferred Skills And Experience

 Supply Chain related degree & APICS certified preferred

Make a Career At Carter’s

 Career Development: Success starts from within, and we have several paths from which you can choose to enhance your career evolution. From Carter’s University to Toastmasters to mentorship programs and more, we encourage you to utilize these tools to elevate your professional prowess.

NOTE: This job description is not intended to be all-inclusive. The duties described may be changed or reassigned at the discretion of management, and the employee may be required to perform duties that are not listed in the job description.

Carters is committed to creating a diverse environment and is proud to be an equal opportunity employer. All qualified applicants will receive consideration for employment without regard to race, color, religion, gender, gender identity, sexual orientation, national origin, genetics, disability, age, veteran status, or any other status protected by federal, state, or local law.",https://www.linkedin.com/jobs/view/4446103721/?eBP=NON_CHARGEABLE_CHANNEL&refId=vpVUW5cdOSYCXw%2BvHYLxTw%3D%3D&trackingId=NUHRfMameVBG5gTYUSdVWQ%3D%3D&trk=flagship3_search_srp_jobs,Product Analyst
Business Technology Analyst - Investor Reporting,U.S. Bank,"Owensboro, KY",2 minutes ago,"0 people clicked apply

Promoted by hirer",True,"About the job

At U.S. Bank, we’re on a journey to do our best. Helping the customers and businesses we serve to make better and smarter financial decisions and enabling the communities we support to grow and succeed. We believe it takes all of us to bring our shared ambition to life, and each person is unique in their potential. A career with U.S. Bank gives you a wide, ever-growing range of opportunities to discover what makes you thrive at every stage of your career. Try new things, learn new skills and discover what you excel at—all from Day One.

Job Description

Serves as a computer technology expert for assigned functional applications to assist business lines with development and ongoing support. Provides project release direction and support including research, analysis, review, development, implementation and monitoring of new or revised systems. Acts as a liaison for project release and typically perform analysis supporting the strategies and objectives of the business line. Compiles and analyzes information that is very detailed and often interpretive making project release recommendations based on the findings. Interfaces with internal and external resources to ensure successful completion, installation and implementation in accordance with client needs.

Basic Qualifications


 Bachelor's degree, or equivalent work experience
 Five or more years of direct experience (with project lead responsibilities), or eight or more years of related experience



Preferred Skills/Experience


 Ability to conduct an analysis of business needs, including scheduling meetings, planning agendas, conferring with business line leaders, documenting and making verbal and written presentations
 Extensive knowledge and experience in using SQL to build reporting, research data issues, and pull data reporting
 Prior experience in the field of investment reporting
 Strong understanding and use of project management techniques and testing processes and supervises their use
 Ability to develop test schedules, review testing plans, track test issues and report on test results
 Proficient computer navigation skills using a variety of software packages including Microsoft Office applications
 Strong project management, organization and analytical skills
 Effective interpersonal, verbal, written and presentation communication skills
 Effective leadership and negotiation skills



Location Expectations:

This role requires working onsite from the Owensboro Airpark, KY or Genpass Irving, TX locations three (3) days a week.

This position is not eligible for visa sponsorship.

If there’s anything we can do to accommodate a disability during any portion of the application or hiring process, please refer to our disability accommodations for applicants.

Benefits:

Our approach to benefits and total rewards considers our team members’ whole selves and what may be needed to thrive in and outside work. That's why our benefits are designed to help you and your family boost your health, protect your financial security and give you peace of mind. Our benefits include the following:


Healthcare (medical, dental, vision)
Basic term and optional term life insurance
Short-term and long-term disability
Pregnancy disability and parental leave
401(k) and employer-funded retirement plan
Paid vacation (from two to five weeks depending on salary grade and tenure)
Up to 11 paid holiday opportunities
Adoption assistance
Sick and Safe Leave accruals of one hour for every 30 worked, up to 80 hours per calendar year unless otherwise provided by law



Review our full benefits available by employment status here.

U.S. Bank is an equal opportunity employer. We consider all qualified applicants without regard to race, religion, color, sex, national origin, age, sexual orientation, gender identity, disability or veteran status, and other factors protected under applicable law.

E-Verify

U.S. Bank participates in the U.S. Department of Homeland Security E-Verify program in all facilities located in the United States and certain U.S. territories. The E-Verify program is an Internet-based employment eligibility verification system operated by the U.S. Citizenship and Immigration Services. Learn more about the E-Verify program.

The salary range reflects figures based on the primary location, which is listed first. The actual range for the role may differ based on the location of the role. In addition to salary, U.S. Bank offers a comprehensive benefits package, including incentive and recognition programs, equity stock purchase 401(k) contribution and pension (all benefits are subject to eligibility requirements). Pay Range: $81,515.00 - $95,900.00

U.S. Bank will consider qualified applicants with arrest or conviction records for employment. U.S. Bank conducts background checks consistent with applicable local laws, including the Los Angeles County Fair Chance Ordinance and the California Fair Chance Act as well as the San Francisco Fair Chance Ordinance. U.S. Bank is subject to, and conducts background checks consistent with the requirements of Section 19 of the Federal Deposit Insurance Act (FDIA). In addition, certain positions may also be subject to the requirements of FINRA, NMLS registration, Reg Z, Reg G, OFAC, the NFA, the FCPA, the Bank Secrecy Act, the SAFE Act, and/or federal guidelines applicable to an agreement, such as those related to ethics, safety, or operational procedures.

Applicants must be able to comply with U.S. Bank policies and procedures including the Code of Ethics and Business Conduct and related workplace conduct and safety policies.

Posting may be closed earlier due to high volume of applicants.",https://www.linkedin.com/jobs/view/4446110631/?eBP=NON_CHARGEABLE_CHANNEL&refId=vpVUW5cdOSYCXw%2BvHYLxTw%3D%3D&trackingId=QADeRQd6jSNQeYLj5%2BVReA%3D%3D&trk=flagship3_search_srp_jobs,Product Analyst
Data Product Analyst Supervisor (Administrative Supervisor 4),New Jersey Courts,"Trenton, NJ",2 minutes ago,"0 people clicked apply

Responses managed off LinkedIn",True,"About the job

Description

REPOST

Applicants Who Previously Applied Need Not Reapply.

If another position becomes available within five months of this recruitment’s closing date, the applicant pool from this posting may be used to fill additional vacancies.

When you come to work for New Jersey Judiciary you will join an 8500-member strong TEAM that operates with the highest standards of independence, integrity, fairness and quality service. You will be engaged with work that has purpose, meaning and makes a difference in lives of the public we serve. We work hard every day to build the public’s trust and confidence in our court system, which includes issues such as bail reform, marijuana decriminalization and recovery court. Whether it be in a courtroom, an administrative office, a courthouse training room, an IT office or in the field, our Judiciary workforce is improving the lives of countless individuals and families every day. We honor the dignity and individualism of each member of our organization while fostering professionalism and continuous improvement in our work.

SALARY: The salary range for this position is $82,632.10 to $133,935.92 for Schedule A, and $ 82,632.10 to $127,239.13 for Schedule B. For newly hired individuals, the starting salary will normally be at the minimum of the salary range. For current Judiciary employees, salary upon promotion or advancement will be an increase of 5% of base salary, not to exceed the maximum of the range, or the minimum salary of the band/level, whichever is greater.Judiciary employees hired prior to August 29, 2015, are considered Schedule A. Newly hired individuals, and Judiciary employees hired on or after August 29, 2015, are considered Schedule B.

 The Judiciary offers a strong opportunity for growth. 

The NJ Courts is seeking a dynamic and experienced Data Product Analyst Supervisor to provide technical leadership and direct supervision for our multidisciplinary Data Warehouse and Governance team. This role will oversee dedicated employees and contractors, managing a team that includes Business Analysis (BA), Data Analysis (DA), Quality Assurance (QA), and First-Line Production Support professionals. Future expansion overseeing the Data Modelling team as extension for Data warehouse Initiative is a possibility as well.

 REMOTE WORK  : The Judiciary currently offers a hybrid work schedule, and this position may qualify for up to 3 days of remote work outside of Judiciary buildings. To participate in this program, in addition to installing a multifactor authentication app on your phone or tablet, you will be required to have high speed home internet access.

Example of Duties


Team Leadership & Supervision: Directly manage and mentor a diverse team, fostering a collaborative and high-performance environment.
Technical Oversight: Oversee the creation and management of Functional Requirement Documents (FRDs) to guide Data Modelers and ETL developers, ensuring technical solutions align with business objectives.
Development Support: Supervise data analysis activities to ensure data standardization and seamless integration across the business environment.
Project Documentation: Manage the lifecycle of FRDs, providing clear and actionable blueprints for Data Modelers and ETL components within the AWS infrastructure.
Production Integrity: Oversee Production Support to maintain the stability and reliability of the analytical pipeline. Stand out for a first line of Production support collaborating and communicating with Business.
Collaboration: Work closely with the Automated Trial Court Services Unit and application development teams to establish and maintain procedures that ensure consistent data solution quality.
Policy & Procedure Development: Establish and enforce clear roles, policies, and procedures to ensure the accuracy, consistency, and alignment of the Judiciary’s critical data assets with organizational goals.
AI Use Cases (Preferred): Experience with AI execution use cases is a strong advantage.
Proven experience in Business Analysis, data analysis, Quality Testing and First line of Production support or a related technical leadership role.
Strong understanding of data modeling, ETL processes, and AWS infrastructure is plus.
Demonstrated ability to manage multidisciplinary teams and complex projects.
Excellent problem-solving, communication, and organizational skills.
Experience in the legal, judicial, or public sector is a plus.
Familiarity with AI-driven data solutions is highly desirable



Regular and predictable physical presence at the worksite is an essential function of this position.

Qualifications

Graduation from an accredited college or university with a bachelor's degree and five years of professional experience, two years of which shall have included experience in designing, implementing, maintaining, and supporting information technology systems and services in the mainframe, server, and network environments. May include analyzing and resolving complex technical problems; generating and testing applications code; performing database administration; administering data security; operating enterprise computer systems; contingency planning, implementing telecommunications facilities; and developing and/or conducting training on IT systems, concepts, applications, policies, or security.

Substitution: Applicants who do not possess the required education may substitute additional paraprofessional and/or professional experience on a year-for-year basis with one year of such experience being equal to 30 semester hour credits. An associate degree from an accredited college or university and two years of additional paraprofessional and/or professional experience may be substituted for a bachelor’s degree. A master’s degree from an accredited college or university may be substituted for one year of general experience as indicated above –OR– a law degree from an approved American Bar Association law school may be substituted for two years of general experience as indicated above.

Education Note: Degrees conferred outside of the United States must be evaluated by a recognized evaluation service.(See https://naces.org/members/ )

Supplemental Information

Driver's License: Appointees will be required to possess a driver's license valid in New Jersey only if the operation of a vehicle is necessary to perform essential duties of the position.

Authorization to Work: US citizenship is not required. Selected candidate must be authorized to work in the US according to Department of Homeland Security, US Citizenship and Immigration Services regulations.

Special Note: Newly hired employees must agree to a thorough background check that will include fingerprinting. All data received will be kept in strict confidence except to inform the individual of the findings and what action will be taken as a result of this information.

Residency Law: In accordance with N.J.S.A. 52:14-7 (L. 2011, Chapter 70), the ""New Jersey First Act,"" all persons newly hired by the Judiciary within one year must establish, and then maintain, principal residence in the State of New Jersey. Any person may request an exemption from that requirement from the Employee Residency Review Committee in the Department of Labor & Workforce Development on the basis of either hardship or employer critical need.

How To Apply

The NJ Judiciary requires all applicants to complete the application process fully and as instructed. All applicants must complete the work experience and education sections and attach any required documents. Applications must describe all relevant work experience in detail, beginning with your current or most recent job, including military service (indicate rank), internships and job-related volunteer work, if applicable. Use a separate section to describe each position. Applicants who indicate ""see resume"" or enter their initials to acknowledge that they have skipped the Work History and Education sections will not be considered, unless they do not possess any education history or work experience. Only applicants that follow the application instructions and submit completed applications will be considered.

The New Jersey Judiciary consists of: the Supreme Court, the Superior Court including the Appellate Division and the Trial Court of the 15 vicinages in New Jersey, the Tax Court and the Municipal Court System. The Administrative Office of the Courts provides technical assistance, operational support, training, research and development, budget and personnel coordination, and development and operation of information systems for the Courts of New Jersey.

The Judiciary of New Jersey is an Equal Opportunity/Affirmative Action 

Employer Committed to Ensuring an Open Door to Justice

NeoGov applicant support at 1-877-204-4442 (toll free call)

Monday through Friday, 6:00 AM to 6:00 PM Mountain Time (MT)",https://www.linkedin.com/jobs/view/4446106779/?eBP=NON_CHARGEABLE_CHANNEL&refId=vpVUW5cdOSYCXw%2BvHYLxTw%3D%3D&trackingId=0HOzspnGtPxx%2FtYoXH%2BlSA%3D%3D&trk=flagship3_search_srp_jobs,Product Analyst
Business Analyst,CodeX Tech-IT LLC,United States,2 minutes ago,"0 applicants

Promoted by hirer",True,"About the job

Position Overview

We are seeking a motivated and analytical Business Analyst to join our team. The ideal candidate will work closely with business stakeholders and technical teams to gather requirements, analyze business processes, and deliver innovative solutions that improve operational efficiency and support strategic business objectives.

Key Responsibilities

Gather, analyze, and document business and functional requirements.
Collaborate with stakeholders to identify business needs and recommend effective solutions.
Create Business Requirement Documents (BRDs), Functional Requirement Documents (FRDs), user stories, and process flow diagrams.
Analyze existing business processes and identify opportunities for optimization and automation.
Translate business requirements into clear technical specifications for development teams.
Facilitate stakeholder meetings, workshops, and requirement gathering sessions.
Support Agile/Scrum ceremonies including sprint planning, backlog refinement, and user acceptance testing (UAT).
Perform data analysis using SQL, Excel, Power BI, or Tableau to generate business insights.
Develop dashboards, reports, and KPIs to support business decisions.
Coordinate with Product, Development, QA, and Project Management teams to ensure successful project delivery.

Required Qualifications

Bachelor's degree in Business Administration, Information Systems, Computer Science, Finance, or a related field.
3+ years of Business Analyst experience.
Strong understanding of SDLC, Agile, and Scrum methodologies.
Experience in requirements gathering, process analysis, and business documentation.
Excellent analytical, communication, and problem-solving skills.
Ability to manage multiple projects in a fast-paced environment.

Technical Skills

Business Analysis: BRD, FRD, User Stories, Gap Analysis, Process Mapping, UAT, Stakeholder Management

Tools: SQL, Microsoft Excel, Power BI, Tableau, Jira, Confluence, Microsoft Visio, Azure DevOps

Methodologies: Agile, Scrum, Waterfall, SDLC

Preferred Qualifications

Experience with ERP/CRM applications and system integrations.
Knowledge of cloud platforms (AWS, Azure, or GCP) is a plus.
CBAP, CCBA, PMI-PBA, or Agile certifications are preferred.",https://www.linkedin.com/jobs/view/4446105785/?eBP=NON_CHARGEABLE_CHANNEL&refId=vpVUW5cdOSYCXw%2BvHYLxTw%3D%3D&trackingId=8m0P0b3EmILBOI5ufZW2rg%3D%3D&trk=flagship3_search_srp_jobs,Product Analyst
"Analyst, Underwriting Analytics",TopDog Law,United States,2 minutes ago,"0 people clicked apply

Responses managed off LinkedIn",True,"About the job

Our Story

TopDog Law is not your typical law firm. We're a nationally scaling personal injury firm built for impact and growth — owning the client experience end-to-end, from marketing and intake through litigation. We believe that world-class marketing, paired with exceptional legal talent and operations, creates better experiences and outcomes for clients and the business alike.

Over the past three years, we've grown 2–3x year over year, setting a new standard on the marketing side of the personal injury space and proving what's possible when strategy, speed, and execution align. Now we're applying that same discipline and innovation to firm operations, case management, and national scale — intentionally building the infrastructure, systems, and teams to grow without sacrificing quality, culture, or accountability.

We are a fully remote team that share trust, open communication, and a commitment to doing great work. If you love ownership, thrive in a fast-moving environment, and want to help build something exceptional, you'll feel right at home here.

The Opportunity

TopDog Law is one of the fastest-growing law firms in the U.S., blending cutting-edge technology, data driven decision-making, and elite legal talent to deliver exceptional outcomes for our clients. We are seeking a Sr Analyst, Law Firm Analytics to join our team who combines strategic judgment, analytical depth, and technical capability to elevate how data informs decision making across the

organization.

This is not a traditional back-office analytics role.

The Analyst, Underwriting Analytics will support the team responsible for forecasting expected case value and modeling case outcomes, work that directly shapes operational and marketing decisions across the organization. This role focuses on executing rigorous data analysis across the case portfolio, maintaining and improving valuation models, and translating findings into clear, reliable outputs the broader business can act on.

What You Will Own

Technical & Analytical Execution


Write and optimize SQL queries to support case valuation modeling, reporting automation, and underwriting analysis
Leverage SQL, Excel/PowerPivot, Python, AI and other analytics tools to build and maintain reliable, scalable reporting
Apply structured problem-solving to well-defined and moderately ambiguous underwriting and case valuation questions
Stay informed on emerging analytics and AI capabilities that can enhance underwriting analytics practices


Analytics and Reporting


Build and maintain dashboards and reports that provide clarity to underwriting and operational leaders
Serve as an analytical resource supporting case valuation forecasting (CVFO) and related modeling across case types and segments
Support the definition and upkeep of KPIs used to monitor underwriting accuracy and case portfolio performance


Performance Monitoring & Insight Generation


Analyze case outcomes, conversion rates, and portfolio performance against underwriting assumptions
Help identify discrepancies, trends, and anomalies across case types, states, and lead segments
Translate data findings into clear summaries and recommendations for the


Underwriting Analytics Team


Support forecasting and reconciliation work tied to case volume, vintage performance, and portfolio composition
Contribute ideas to improve existing models, queries, and processes—not just maintain them as-is


Required

What You Bring


Strong analytical and problem-solving mindset with attention to detail
1-3 years of experience in business analytics, data operations, or a related quantitative field
Solid SQL skills with the ability to write and troubleshoot moderately complex queries against large datasets
Proficiency with Excel, including PowerPivot/DAX; exposure to Python or R is a plus
Ability to manage multiple priorities and meet deadlines in a fast-paced environment
Clear communication skills with the ability to present findings to both technical and non-technical audiences
High commitment to data integrity and accuracy
Thrives in a fast-paced, performance-driven, high-growth environment
Intellectual curiosity and an ownership mindset
Ability to take direction, prioritize effectively, and execute with speed


Who Thrives Here (Core Values)

We don't hire on resumes alone. We hire for competence, character, and mindset.


Embrace Change: Open to feedback, embracing change, and always asking ""what's next?""
Committed: You care deeply, have your teammates' backs, and show up to build something lasting.
No-Ego Energy: Positive, professional, and solutions-oriented. Drama stays at the door.
Ownership: You do what you say, follow through, and treat the business like it's yours.
Fast & Hungry: You move with urgency, thrive under high expectations, and are motivated by growth and impact.


What We Offer


Base Salary: [Min} and [Max], commensurate with experience
Eligible for performance-based bonus
Our job postings reflect the compensation range for the specific market and location of each role. Ranges vary by geography based on local market rates and cost of labor.
Benefits include: Medical, dental, and vision insurance, 401(k) with company match, HSA, life insurance, disability coverage, paid time off, and parental leave.


Equal Opportunity Employer

We are an equal opportunity employer. Employment selection and related decisions are made without regard to age, race, color, national origin, religion, sex, disability, sexual orientation, gender identification, or being a qualified disabled veteran or qualified veteran of the Vietnam era or any other category protected by Federal or State law.",https://www.linkedin.com/jobs/view/4445190457/?eBP=NON_CHARGEABLE_CHANNEL&refId=vpVUW5cdOSYCXw%2BvHYLxTw%3D%3D&trackingId=GqPzcgE4Shz8pyVBQ4OasA%3D%3D&trk=flagship3_search_srp_jobs,Product Analyst
Signals Analyst Level 1,IntelliGenesis LLC®,"Annapolis Junction, MD",3 minutes ago,"0 people clicked apply

Responses managed off LinkedIn",True,"About the job

Required Skills:


US Citizens Only
Active TS/SCI Clearance and Polygraph required
Minimum of two (2) years of relevant experience and a Bachelor’s degree or four (4) years of relevant experience and an Associate’s degree or six (6) years of relevant experience and a high school diploma/GED will be considered for those who have completed relevant military degree programs (or equivalent)
OR who have completed relevant military training such as:
Intermediate Technical ELINT Analyst Course (9141 NEC, 1N2A AFSC)
Intermediate Signals Analysis Course (451)
Advanced Signals Analysis Course (452)
OR who have participated in or graduated from:
Military COMINT Signals Analysis Program (MCSAP)
Military ELINT Signals Analysis Program (MESEP)
Military OpELINT Signals Analysis Program (MOSAP)
Degree must be in Engineering, Mathematics, Computer Science, a Physical Science or related field 
Relevant experience must be in signals analysis (COMINT, ELINT, FISINT and/or PROFORMA) and/or design and engineering of aerospace, communications, electronic or industrial systems
Signal Discovery, analysis, serialized reporting, and interagency collaboration are all required for this role
Any demonstrated proficiency with querying to define parametrics are a plus
Weapon system knowledge is preferred


Compensation Range: $68,000 - $94,000

_____________________________________________________________________________________________________

Compensation ranges encompass a total compensation package and are a general guideline only and not intended as a guaranteed and/or implied final compensation or salary for this job opening. Determination of official compensation or salary relies on several different factors including, but not limited to: level of position, complexity of job responsibilities, geographic location, candidate’s scope of relevant work experience, educational background, certifications, contract-specific affordability, organizational requirements and alignment with local market data. 

Our compensation includes other indirect financial components designed to support employees’ total well-being, which should be considered when evaluating our competitive benefits package. These monetary benefits include medical insurance, life insurance, disability, paid time off, maternity/paternity leave, 401(k) company match, training/education reimbursements and other work/life programs.

_____________________________________________________________________________________________________

IntelliGenesis is committed to providing equal opportunity to all employees and applicants for employment. The Company is an Equal Opportunity Employer (EOE), and as such, does not tolerate discrimination, retaliation, or harassment of its employees or applicants based upon race, color, religion, gender, sexual orientation, national origin, age, genetic information, disability, or any other protected characteristic under local, state, or federal law in any employment practice. Such employment practices include, but are not limited to: hiring, promotion, demotion, transfer, recruitment, or recruitment advertising, selection, disciplinary action layoff, termination, rates of pay, or other forms of compensation and selection of training.

IntelliGenesis is committed to the fair and equal employment of individuals with disabilities. It is the Company’s policy to reasonably accommodate qualified individuals with disabilities unless the accommodation would impose an undue hardship on the organization. In accordance with the Americans with Disabilities Act (ADA) as amended, reasonable accommodations will be provided to qualified individuals with disabilities, when such accommodations are necessary, to enable them to perform the essential functions of their jobs or to enjoy the equal benefits and privileges of employment. This policy applies to all applicants for employment and all employees.

Powered by JazzHR

FK21YJltLs",https://www.linkedin.com/jobs/view/4446117650/?eBP=NON_CHARGEABLE_CHANNEL&refId=vpVUW5cdOSYCXw%2BvHYLxTw%3D%3D&trackingId=bkC8ox3qY9EmVAV%2B2rY4zQ%3D%3D&trk=flagship3_search_srp_jobs,Product Analyst
Business Analyst Sr - Workiva System Support,PNC,"Pittsburgh, PA",3 minutes ago,"41 people clicked apply

Promoted by hirer",True,"About the job

R230075

Job Profile

Position Overview

At PNC, our people are our greatest differentiator and competitive advantage in the markets we serve. We are all united in delivering the best experience for our customers. We work together each day to foster an inclusive workplace culture where all of our employees feel respected, valued and have an opportunity to contribute to the company’s success. As a Business Analyst Sr within PNC's Finance organization, you will be based in Pittsburgh, PA

Financial Systems is seeking a detail-oriented, process-driven professional to support the Workiva application and related financial reporting initiatives. This position plays an important role in administering the platform, supporting business users, strengthening reporting processes, and partnering with stakeholders across Lines of Business, technology teams, MIS, and internal control functions.

The successful candidate will support application administration, quarterly access and segregation of duties certifications, business analysis, project coordination, process documentation, and audit-related requests.

This role also provides an opportunity to contribute to automation and reporting enhancements, including Power Automate solutions, Tableau and Hyperion Essbase reporting automation, Workiva reporting and dashboards, approval workflow improvements, onboarding process enhancements, and evaluations of direct source-system integrations.

Primary Responsibilities


 Administer and support the Workiva application platform and related Financial Systems processes.
 Coordinate quarterly access reviews and segregation of duties certifications, ensuring appropriate documentation and timely completion.
 Partner with business stakeholders and subject matter experts to gather requirements, analyze processes, and support effective solution delivery.
 Support business analysis activities, including process mapping, documentation, issue resolution, and enhancement prioritization.
 Identify, develop, and support automation opportunities, including Power Automate solutions and reporting integrations.
 Enhance Workiva reporting, dashboards, approval workflows, onboarding processes, and related user support materials.
 Contribute to strategic initiatives, including the Workiva AI pilot, controls management solutioning, reconciliation process improvements, and direct source-system integration evaluations.
 Provide project coordination, status tracking, process documentation, and support for audit-related requests.


Qualifications And Skills


 Demonstrated ability to operate efficiently and apply a process-driven approach to work.
 Experience developing, maintaining, and improving policy and procedure documentation.
 Ability to work independently, take initiative, and proactively identify process improvement opportunities.
 Strong written and verbal communication skills, with the ability to communicate clearly with technical and non-technical stakeholders.
 Ability to partner with subject matter experts and business stakeholders to translate business needs, processes, and procedures into clear requirements.
 Understanding of accounting systems, financial data flows, internal controls, and financial reporting processes.
 Proficiency with Microsoft Office applications, with advanced working knowledge of Excel preferred.
 Experience with Workiva, Tableau, Hyperion Essbase, Power Automate, or similar financial systems and reporting tools is a plus.


Ideal Candidate

The ideal candidate is collaborative, analytical, and comfortable working across business and technology teams. This individual brings strong attention to detail, sound judgment, and a continuous improvement mindset to help strengthen financial systems, reporting processes, and user support.

This position is based in Pittsburgh, PA and operates within a collaborative, onsite work environment.

PNC is an in-office company that fosters a supportive culture where employees can thrive and achieve balance. We encourage candidates to connect with their recruiter and hiring manager to understand workplace expectations and ensure the role aligns with their goals.

PNC will not provide sponsorship for employment visas or participate in STEM OPT for this position.

Job Description


Directs the research, discovery, collection and interpretation of business requirements. Participates in the development and review of complex processes and procedures, workflow analytics and reporting. May provide senior level consultation and communicates with clients and technology teams on business designs, problem solving and business analysis to support project goals and objectives.
Consults and recommends the frameworks, methodologies and processes involved in business requirements traceability for business analysis teams. Independently mentors, leads, and coaches other associates to affect knowledge transfer. Oversees the development and maintenance of all applicable policy and procedure documentation.
Translates business needs, processes and/or procedures by partnering with applicable experts and business stakeholders to determine and articulate needs. May communicate with senior level stakeholders and technology teams on complex business requirements.
Leads multiple business analysis project management processes through planning, quality assurance and effectiveness assessment. Provides direction for the successful deployment of projects. Drives the development, analysis and distribution of complex reporting.


PNC Employees take pride in our reputation and to continue building upon that we expect our employees to be:


Customer Focused - Knowledgeable of the values and practices that align customer needs and satisfaction as primary considerations in all business decisions and able to leverage that information in creating customized customer solutions.
Managing Risk - Assessing and effectively managing all of the risks associated with their business objectives and activities to ensure they adhere to and support PNC's Enterprise Risk Management Framework.


Qualifications

Successful candidates must demonstrate appropriate knowledge, skills, and abilities for a role. Listed below are skills, competencies, work experience, education, and required certifications/licensures needed to be successful in this position.

Preferred Skills

Business Needs, Business Processes, Data Analytics, Decision Making, Management Reporting, Prioritization, Waterfall Model

Competencies

Analytical Thinking, Business Assessment, Business Process Modeling, Consulting, Effectiveness Measurement, Information Capture, Problem Solving, Process Management, Project Management, Requirements Analysis, Software Product Business Knowledge

Work Experience

Roles at this level typically require a university / college degree, with 3+ years of relevant / direct industry experience. Certifications are often desired. In lieu of a degree, a comparable combination of education, job specific certification(s), and experience (including military service) may be considered.

Education

Bachelors

Certifications

No Required Certification(s)

Licenses

No Required License(s)

Benefits

PNC offers a comprehensive range of benefits to help meet your needs now and in the future. Depending on your eligibility, options for full-time employees include: medical/prescription drug coverage (with a Health Savings Account feature), dental and vision options; employee and spouse/child life insurance; short and long-term disability protection; 401(k) with PNC match, pension and stock purchase plans; dependent care reimbursement account; back-up child/elder care; adoption, surrogacy, and doula reimbursement; educational assistance, including select programs fully paid; a robust wellness program with financial incentives.

In addition, PNC generally provides the following paid time off, depending on your eligibility: maternity and/or parental leave; up to 11 paid holidays each year; 9 occasional absence days each year, unless otherwise required by law; between 15 to 25 vacation days each year, depending on career level; and years of service.

To learn more about these and other programs, including benefits for full time and part-time employees, visit pncthrive.com.

Disability Accommodations Statement

If an accommodation is required to participate in the application process, please contact us via email at AccommodationRequest@pnc.com. Please include “accommodation request” in the subject line title and be sure to include your name, the job ID, and your preferred method of contact in the body of the email. Emails not related to accommodation requests will not receive responses. Applicants may also call 877-968-7762 and say ""Workday"" for accommodation assistance. All information provided will be kept confidential and will be used only to the extent required to provide needed reasonable accommodations.

At PNC we foster an inclusive and accessible workplace. We provide reasonable accommodations to employment applicants and qualified individuals with a disability who need an accommodation to perform the essential functions of their positions.

Equal Employment Opportunity (EEO)

PNC provides equal employment opportunity to qualified persons regardless of race, color, sex, religion, national origin, age, sexual orientation, gender identity, disability, veteran status, or other categories protected by law.

This position is subject to the requirements of Section 19 of the Federal Deposit Insurance Act (FDIA) and, for any registered role, the Secure and Fair Enforcement for Mortgage Licensing Act of 2008 (SAFE Act) and/or the Financial Industry Regulatory Authority (FINRA), which prohibit the hiring of individuals with certain criminal history.

California Residents 

Refer to the California Consumer Privacy Act Privacy Notice to gain understanding of how PNC may use or disclose your personal information in our hiring practices.",https://www.linkedin.com/jobs/view/4445649345/?eBP=NON_CHARGEABLE_CHANNEL&refId=vpVUW5cdOSYCXw%2BvHYLxTw%3D%3D&trackingId=1xG%2BDxUiYkSGKI83AVLltg%3D%3D&trk=flagship3_search_srp_jobs,Product Analyst
Meditech Clinical Applications Analyst,HTC Global Services,"Buffalo, NY",4 minutes ago,"1 person clicked apply

Promoted by hirer",True,"About the job

Job Description

Job Title: MEDITECH Client/Server Clinical Applications Analyst

Overview / Summary

The MEDITECH Client/Server Clinical Applications Analyst is responsible for reviewing, analyzing, evaluating, and developing clinical MEDITECH application tools to meet customer needs. This role supports project implementation activities, documents requirements, defines scope and objectives, and provides ongoing support for system break/fixes, enhancements, maintenance, testing, troubleshooting, and issue management. The position focuses on MEDITECH Client/Server clinical applications while supporting provider and nursing workflows and operates under general supervision.

Key Responsibilities


Maintain and support MEDITECH Client/Server EHR and related functionality, including Order Management, Clinical Documentation, Medication Reconciliation, Patient Tracking, and Discharge.
Maintain and support MEDITECH modules including OE, POM, PCS, NUR, PCM, PDOC, RXM, and ERX.
Maintain and support Intellidose and its integration with MEDITECH Client/Server.
Collaborate with nursing and clinical informatics teams to optimize and enhance existing workflows.
Support and maintain MEDITECH application dictionaries and configurations.
Provide end-user support for hospital applications and systems.
Provide technical support for external interfaces and integrations with third-party systems and partner sites.
Review, schedule, test, implement, and document system modifications, upgrades, and application changes.
Troubleshoot system issues through resolution while providing timely, high-quality customer service.
Escalate issues to vendors as needed and monitor vendor tickets through resolution.
Provide after-hours on-call support to troubleshoot and resolve system issues.
Work with client users and functional teams as needed.
Adhere to change management processes for break/fix requests and system changes.
Perform system testing to ensure product functionality works as designed.
Assist in documenting user requirements, program functions, and development or modification steps.
Document build activities, update vendor application specifications, perform integration and unit testing, and adhere to version control processes.
Collect user requirements, translate them into system feature enhancements, and request enhancements from system administrators.
Evaluate and analyze EHR features and functionality for problem resolution.
Support operational and clinical processes aligned with client best practices.
Exercise independent judgment to determine appropriate solutions based on analysis performed.
Manage multiple initiatives simultaneously.
Communicate effectively with executives, managers, subject matter experts, clients, and team members.
Maintain positive working relationships with customers, clients, co-workers, and management.
Perform other duties as assigned.


Required Qualifications


MEDITECH build, testing, and implementation experience.
Minimum of three (3) years of application analysis and coordination experience, or five (5) years of professional/technical healthcare experience involving clinical workflow, operations, or clinical systems support preferred.
Experience building and supporting MEDITECH Client/Server.
Experience supporting MEDITECH modules including OE, POM, PCS, NUR, PCM, PDOC, RXM, and ERX.
Experience with MEDITECH Client/Server 5.66 or higher is a plus.
Experience supporting and participating in a MEDITECH upgrade is a plus.
Excellent troubleshooting skills with the ability to communicate resolutions to customers.
Excellent communication, interpersonal, organizational, analytical, problem-solving, and multitasking skills.
Strong client, vendor, project team, and employee relationship skills.
Strong work ethic, customer service orientation, teamwork, dependability, and promptness.
Bachelor's degree in Computer Science, Information Technology, or equivalent education and experience.
3–5 years of professional experience within a computing environment with demonstrated progression in responsibilities.
3–5 years of experience maintaining and supporting MEDITECH Client/Server EHR.
Experience using ServiceNow ticket management system preferred.
Previous healthcare industry experience required.


What Makes HTC A Great Place To Build Your Future

HTC Global Services wants you to join our team. Come build new things with us and advance your career. At HTC Global, you’ll collaborate with experts, work alongside clients, and be part of high-performing teams driving success together. You’ll have long-term opportunities to grow your career and develop skills in the latest emerging technologies.

At HTC Global Services, our employees have access to a comprehensive benefits package. Benefits can include Group Health (Medical, Dental, and Vision), Paid Time Off, Paid Holidays, 401(k) matching, Group Life and Disability insurance, Professional Development opportunities, Wellness programs, and a variety of other perks.

Our success as a company is built on inclusion and diversity. HTC Global Services is committed to providing a workplace free from discrimination and harassment, where every employee is treated with dignity and respect. We celebrate differences and believe that diverse cultures, perspectives, and skills drive innovation and success. HTC is an Equal Opportunity Employer and a proud National Minority Supplier. We seek to empower each individual, fostering an environment where everyone feels valued, included, and respected.

Pay Transparency Tagline

For information on the compensation range and an overview of benefits offered by HTC Global Services, please email compensationrange@htcinc.com. Salary, other compensation, and benefits information shared by HTC are accurate as of the date provided. The disclosed range may vary based on factors such as geographic location, education, relevant experience, certifications, skills, role fit, organizational needs & other factors as applicable. HTC Global Services reserves the right to modify ranges in accordance with governmental, state, and local requirements.

#Hiring",https://www.linkedin.com/jobs/view/4445178456/?eBP=NON_CHARGEABLE_CHANNEL&refId=vpVUW5cdOSYCXw%2BvHYLxTw%3D%3D&trackingId=OqvHWMnc5enfhAJL6tD4EA%3D%3D&trk=flagship3_search_srp_jobs,Product Analyst
"Business Marketing Analyst, Pricing and Planning",Sandisk,"Milpitas, CA",4 minutes ago,"0 people clicked apply

Responses managed off LinkedIn",True,"About the job

Company Description

Sandisk understands how people and businesses consume data and we relentlessly innovate to deliver solutions that enable today’s needs and tomorrow’s next big ideas. With a rich history of groundbreaking innovations in Flash and advanced memory technologies, our solutions have become the beating heart of the digital world we’re living in and that we have the power to shape.

Sandisk meets people and businesses at the intersection of their aspirations and the moment, enabling them to keep moving and pushing possibility forward. We do this through the balance of our powerhouse manufacturing capabilities and our industry-leading portfolio of products that are recognized globally for innovation, performance and quality.

Sandisk has two facilities recognized by the World Economic Forum as part of the Global Lighthouse Network for advanced 4IR innovations. These facilities were also recognized as Sustainability Lighthouses for breakthroughs in efficient operations. With our global reach, we ensure the global supply chain has access to the Flash memory it needs to keep our world moving forward.

Job Description

Essential Duties and Responsibilities:


 Ownership of Business Management, Pricing and Planning functions for OEMcustomers
Build account strategy/playbook/deal structure/LTA
Lead overall pricing strategy and communicate pricing guidance and positioning to sales team/customers to drive deal closure
Work cross-functionally to develop long term business models that enable strategic sourcing, fab planning andsupply chain decisions years ahead
Createbusiness forecasts based on supply situation, sales inputs, financials metrics, new product introduction and other considerations
Work closely with finance, business execution, sales ops team to track business risk, shipment linearity, fill rate and other operational metrics
Collaborate with sales team and product team on competitive analysis, product roadmap and product strategyetc.
 Lead initiatives for new markets/businesses
Bring in market insights and work cross-functionally to develop actionable business plans
Identify unique business model to be successful innew markets.
Develop customer/vertical level portfolio/pricing strategy


Qualifications

Required:


Bachelor’s degree in Technical, Marketing, Business Administration or other related field. Master/MBA preferred
7+ years ofexperience in business marketing, operation, planning or strategyfunctions. Experience in storage or other related semiconductormarkets preferred
Understanding of NAND Flash products, trends, pricing, and markets is a plus


Preferred


Strong analytical skills with ability to use complex financial, technical, and marketing information to drive business decisions
Strong proficiency in analytics
Comfortable with working in a fast-paced environment with cross-functional global teams in multiple time zones
Passionate about identifying business opportunities and challenges with ability to influence stakeholders at various levels


Additional Information

Sandisk is committed to providing equal opportunities to all applicants and employees and will not discriminate against any applicant or employee based on their race, color, ancestry, religion (including religious dress and grooming standards), sex (including pregnancy, childbirth or related medical conditions, breastfeeding or related medical conditions), gender (including a person’s gender identity, gender expression, and gender-related appearance and behavior, whether or not stereotypically associated with the person’s assigned sex at birth), age, national origin, sexual orientation, medical condition, marital status (including domestic partnership status), physical disability, mental disability, medical condition, genetic information, protected medical and family care leave, Civil Air Patrol status, military and veteran status, or other legally protected characteristics. We also prohibit harassment of any individual on any of the characteristics listed above. Our non-discrimination policy applies to all aspects of employment. We comply with the laws and regulations set forth in the ""Know Your Rights: Workplace Discrimination is Illegal” poster. Our pay transparency policy is available here.

Sandisk thrives on the power and potential of diversity. As a global company, we believe the most effective way to embrace the diversity of our customers and communities is to mirror it from within. We believe the fusion of various perspectives results in the best outcomes for our employees, our company, our customers, and the world around us. We are committed to an inclusive environment where every individual can thrive through a sense of belonging, respect and contribution.

Sandisk is committed to offering opportunities to applicants with disabilities and ensuring all candidates can successfully navigate our careers website and our hiring process. Please contact us at jobs.accommodations@sandisk.com to advise us of your accommodation request. In your email, please include a description of the specific accommodation you are requesting as well as the job title and requisition number of the position for which you are applying.

Based on our experience, we anticipate that the application deadline will be 09/23/2026 (3 months from posting), although we reserve the right to close the application process sooner if we hire an applicant for this position before the application deadline. If we are not able to hire someone from this role before the application deadline, we will update this posting with a new anticipated application deadline.

Compensation & Benefits Details


An employee’s pay position within the salary range may be based on several factors including but not limited to (1) relevant education; qualifications; certifications; and experience; (2) skills, ability, knowledge of the job; (3) performance, contribution and results; (4) geographic location; (5) shift; (6) internal and external equity; and (7) business and organizational needs.
The salary range is what we believe to be the range of possible compensation for this role at the time of this posting. We may ultimately pay more or less than the posted range and this range is only applicable for jobs to be performed in California, Colorado, New York or remote jobs that can be performed in California, Colorado and New York. This range may be modified in the future.
You will be eligible to participate in Sandisk's Short-Term Incentive (STI) Plan, which provides incentive awards based on Company and individual performance. Depending on your role and your performance, you may be eligible to participate in our annual Long-Term Incentive (LTI) program, which consists of restricted stock units (RSUs) or cash equivalents, pursuant to the terms of the LTI plan. Please note that not all roles are eligible to participate in the LTI program, and not all roles are eligible for equity under the LTI plan.RSU awards are also available to eligible new hires, subject to Sandisk's Standard Terms and Conditions for Restricted Stock Unit Awards.
We offer a comprehensive package of benefits including paid vacation time; paid sick leave; medical/dental/vision insurance; life, accident and disability insurance; tax-advantaged flexible spending and health savings accounts; employee assistance program; other voluntary benefit programs such as supplemental life and AD&D, legal plan, pet insurance, critical illness, accident and hospital indemnity; tuition reimbursement; transit; the Applause Program, employee stock purchase plan, and the Sandisk's Savings 401(k) Plan.
Note: No amount of pay is considered to be wages or compensation until such amount is earned, vested, and determinable. The amount and availability of any bonus, commission, benefits, or any other form of compensation and benefits that are allocable to a particular employee remains in the Company's sole discretion unless and until paid and may be modified at the Company’s sole discretion, consistent with the law.",https://www.linkedin.com/jobs/view/4446101826/?eBP=NON_CHARGEABLE_CHANNEL&refId=vpVUW5cdOSYCXw%2BvHYLxTw%3D%3D&trackingId=HIzQ6phkRxt4gIzDVB4hcQ%3D%3D&trk=flagship3_search_srp_jobs,Product Analyst
Conversion Analyst,Data Surge,United States,4 minutes ago,"1 applicant

Promoted by hirer",True,"About the job

Conversion Analyst

Remote, Anywhere in the Continental US

Must be able to work Pacific time hours (8AM - 5PM)




Due to the nature of the role, this position requires U.S. Citizenship or Permanent Residency.




Data Surge is disrupting the services industry with cutting-edge technology that brings together the very best consultants from the big data, machine learning, and software modernization space.




At Data Surge, we value collaboration, curiosity, and being customer centric. Our team thrives on collective efforts, innovation, and a commitment to wellness, ensuring employees are empowered to thrive professionally and personally.




About the Role

As a Conversion Analyst, you will be working with our government services team to translate data into real world business solutions for our government clients. This is an ideal job for a problem solver who enjoys analyzing data and collaborating with team members to drive business solutions. If you are a technically curious individual who enjoys helping your team understand how technology can fuel better decisions and growth, we want to speak to you!




Day-to-Day Impact

Assist in collecting, cleaning, and organizing data from various sources.
Perform basic and advanced data analysis to generate simple reports and support business decisions.
Support senior data analysts in preparing datasets for analysis.
Conduct data quality checks to ensure the integrity of data used in analysis, documenting data sources, methodologies, and findings.
Oversee development and maintenance of enterprise-wide dashboards and reports for various stakeholders.
Collaborate with BAs and SMEs to understand data requirements and ensure accurate data representation.
Define data analysis strategies and methodologies for the ERP project.
Collaborate with data architects and technical teams to ensure data quality, data integrity, and consistency across the ERP system.
Lead complex data analysis projects and present data insights and recommendations including actionable insights to users and senior stakeholders
Assist mid-level and Sr. Report Developers on projects analysts.
Other Data Analyst duties as requested.




Essential Experience

1-2 years of experience in data analysis, business analytics, or research
Strong proficiency in data analysis tools (e.g., SQL, Excel)
Solution-oriented with strong communication, collaboration, and presentation




Kudos If You Have

Business Analysis Certifications
Technical expertise or interest in tech
Basic coding




Learn More

Data Surge offers a competitive compensation and total rewards package.

Comprehensive Benefits
Remote-first work environment
PTO – Including holidays + your birthday
401(k) with 4% Match, immediately vested
Growth and development opportunities
Bonuses + more




Find out more about our story at www.datasurge.com.




Visit our Careers page to explore our openings at https://www.datasurge.com/careers/.




Follow us on LinkedIn at https://www.linkedin.com/company/data-surge-llc.




As a participator in E-Verify, Data Surge electronically confirms employment eligibility of employees to work in the United States.",https://www.linkedin.com/jobs/view/4442895088/?eBP=NON_CHARGEABLE_CHANNEL&refId=vpVUW5cdOSYCXw%2BvHYLxTw%3D%3D&trackingId=nt0QkSsVIKZm9LkGGqupJg%3D%3D&trk=flagship3_search_srp_jobs,Product Analyst
GIS and Provisioning Product Manager - MSI CAD & RMS,Motorola Solutions,"Texas, United States",5 minutes ago,"0 people clicked apply

Responses managed off LinkedIn",True,"About the job

Company Overview

At Motorola Solutions, we believe that everything starts with our people. We’re a global close-knit community, united by the relentless pursuit to help keep people safer everywhere. We build and connect technologies to help protect people, property and places. Our solutions foster the collaboration that’s critical for safer communities, safer schools, safer hospitals, safer businesses, and ultimately, safer nations. Connect with a career that matters, and help us build a safer future.

Department Overview

Our Response & Reporting (R&R) Product organization is dedicated to developing and maintaining market-leading, mission-critical CAD and RMS software. These solutions are vital to public safety agencies, which depend on them daily to reduce response times, enhance first responder safety, and streamline essential workflows. Our ultimate goal is to empower public safety agencies to operate efficiently and effectively in their mission to keep communities safe.

Job Description

The product manager owns and champions the integration of sophisticated geospatial data and mapping capabilities within our mission-critical CAD and RMS platforms, ensuring dispatchers and field personnel have a seamless, high-performance 'common operating picture'.

The product manager analyzes the broader portfolio goals and market conditions to lay out a roadmap that is sustainable, differentiated, and delivers unique value, with a keen focus on integrating cutting-edge Artificial Intelligence (AI) and Machine Learning (ML) capabilities into our solutions. The role requires a champion of innovation, leveraging AI tools and methodologies to optimize the Software Development Life Cycle (SDLC) and product operations.

The product manager works in close partnership with the product owner in an external facing role, responsible for understanding the market, customers, competition, and go-to-market activities. The role of the product manager spans many activities from strategic to tactical and provides cross-functional leadership - bridging gaps within the company between different functions, especially between Development, UI/UX, Sales and Marketing, Deployment, and Support.

Responsibilities:

Product Strategy

The Product Manager Is Responsible To Clearly Articulate The Business Value To The Product Team So They Understand The Intent Behind The New Product Or Product Release. They Own The Roadmap And Must Work With The Product Owner To Define, Prioritize, And Build What Matters. Primary Responsibilities Include:


Drive the product roadmap, prioritizing GIS features and AI-driven capabilities that provide a competitive advantage in public safety workflows.
Identify emerging market trends, specifically the application of AI and GenAI to enhance geospatial data provisioning and map maintenance.
Develop business cases for new initiatives, assessing ROI for AI/ML features that bridge the gap between core data models and spatial visualization.


Product Visioning

The Product Manager Must Have The Ability To Identify And Understand Customer Needs And Evaluate Those Against Market Size And Demand To Drive Product Offerings That Will Help Public Safety Agencies Improve Their Operations While Delivering Profitability And Customer Loyalty. Primary Responsibilities Include:


Curate and promote innovative AI/ML features that redefine public safety operations and deliver long-term customer loyalty.
Apply generative AI and machine learning to improve service efficiency and existing product profitability.
Solicit and integrate feedback from customers and field teams into the strategic planning process.


Product Development

In This Role, The Product Manager Is The Bridge Between The Market, The User, And The Engineering Team. You Will Drive The End-to-end Development Lifecycle, Ensuring That The Team Focuses On Delivering High-impact, High-quality Features That Solve Critical GIS And Mapping Challenges. Primary Responsibilities Include:


Manage the product roadmap, ensuring features are clearly defined, prioritized, and ready for decomposition. Partner closely with the Product Owner and Engineering leads to translate roadmap goals into actionable technical requirements and development.
Facilitate trade-off decisions between scope, schedule, and technical quality. Ensure the team maintains a healthy balance between new feature delivery, technical debt, and GIS performance optimization.
Partner with UI/UX and research teams to ensure the ethical, intuitive deployment of AI-powered features within high-stress, mission-critical environments.
Lead the integration of AI tooling into GIS development pipelines to automate geospatial data validation, maintenance, and quality assurance processes.
Act as the primary champion for the user experience during development, participating in sprint reviews and providing continuous feedback to ensure the final product meets the defined business outcomes.


Product Releases

Product Managers Must Plan For What Their Teams Will Deliver And When They Will Deliver It. The Product Manager Owns The Release Aspect Of The Product. Release Responsibilities Include Managing Features And Dependencies In And Across Releases, Product And Support Teams; And Managing Releases With Phases And Milestones. Primary Responsibilities Include:


Establish vision and goals for releases, including deployment and monitoring strategies for AI/ML model performance.
Track product success through KPIs, managing risks related to data integrity and AI fairness across multi-agency environments.
Coordinate GIS-specific release testing to verify mapping accuracy and cached service performance.
Work with enablement organizations to make products orderable and deliverable.
Define and support implementation of training, support and deployment requirements.


Go-to-Market Support 

Responsible For Making Product Decisions And Often Acts As The Lead Resource For The Rest Of The Organization When Deep Product Expertise Is Required. This Includes Supporting The Organizations That Help Bring The Product To Market And Work Directly With Customers, Including Marketing, Sales, Training And Support Services. Primary Responsibilities Include:


Facilitate sales and channel training, including training on the value proposition of new AI capabilities.
Assist pre-sales with custom project requests.
Define and ensure implementation of go-to-market assets including demo environments, training materials, and presentations.
Demonstrate new pre-release features.


Qualifications:


BS/BA in GIS, Geography, Cartography, or an equivalent technical discipline.
3+ years of professional experience in Product Management, ideally with a focus on GIS or location-based services.
Firm understanding of Product Management principles.
Agile/Scrum experience.
Excellent communication skills, both verbal and written are a necessity.
AI-Driven Product Management: Proven experience driving product strategy where AI concepts are translated into clear, measurable business value.
GIS Technical Expertise: Deep technical knowledge of GIS software, spatial data formats, and geodatabase architecture, specifically within the ESRI ArcGIS ecosystem.
Public Safety Domain Mastery: Solid understanding of public safety mapping workflows (routing, AVL, address/location services) and the ability to apply cartographic design principles to translate complex data into intuitive interfaces for high-stress environments.
Product Methodologies: Proficiency in Agile development practices and tools (Jira/Confluence); experienced in managing backlogs and translating roadmap goals into technical requirements.
Strategic & Interpersonal Leadership: Proven ability to build consensus among diverse, cross-functional stakeholders with a proactive, independent, and enthusiastic approach to solving complex problems.
Data & Market Literacy: Familiarity with Python scripting/data automation; skilled at analyzing market trends, financial data, and competitive intelligence to inform product direction.


This position is subject to working in high security areas governed by the US Department of Justice's ""Criminal Justice Information Services (CJIS) Security Policy"" and therefore requires successfully passing a more stringent fingerprint background check administered by Motorola Solutions Inc. customers.

Target Base Salary Range: $101,000 - $135,000 USD

Consistent with Motorola Solutions values and applicable law, we provide the following information to promote pay transparency and equity. Pay within this range varies and depends on job-related knowledge, skills, and experience. The actual offer will be based on the individual candidate.

Basic Requirements


BS/BA in GIS, Geography, Cartography, or an equivalent technical discipline. 
3+ years of professional experience in Product Management, ideally with a focus on GIS or location-based services.
Legal authorization to work in the U.S. indefinitely is required. Employer work permit sponsorship is not available for this position.
This position is subject to working in high security areas governed by the US Department of Justice's ""Criminal Justice Information Services (CJIS) Security Policy"" and therefore requires successfully passing a more stringent fingerprint background check administered by Motorola Solutions Inc. customers.


Travel Requirements

Under 10%

Relocation Provided

None

Position Type

Experienced

Referral Payment Plan

Yes

Our U.S. Benefits Include:


Incentive Bonus Plans
Medical, Dental, Vision benefits
401K with Company Match
10 Paid Holidays
Generous Paid Time Off Packages
Employee Stock Purchase Plan
Paid Parental & Family Leave
and more!


EEO Statement

Motorola Solutions is an Equal Opportunity Employer. All qualified applicants will receive consideration for employment without regard to race, color, religion or belief, sex, sexual orientation, gender identity, national origin, disability, veteran status or any other legally-protected characteristic.

We are proud of our people-first and community-focused culture, empowering every Motorolan to be their most authentic self and to do their best work to deliver on the promise of a safer world. If you’d like to join our team but feel that you don’t quite meet all of the preferred skills, we’d still love to hear why you think you’d be a great addition to our team.

We’re committed to providing an inclusive and accessible recruiting experience for candidates with disabilities, or other physical or mental health conditions. To request an accommodation, please complete this Reasonable Accommodations Form so we can assist you.",https://www.linkedin.com/jobs/view/4446114678/?eBP=NON_CHARGEABLE_CHANNEL&refId=vpVUW5cdOSYCXw%2BvHYLxTw%3D%3D&trackingId=A86A%2FDsmlN2QD3I5kE7PqQ%3D%3D&trk=flagship3_search_srp_jobs,Product Analyst
Catalog Manager,Cintas,"Pembroke Pines, FL",7 minutes ago,"0 people clicked apply

Responses managed off LinkedIn",True,"About the job

Requisition Number: 231337

Job Description

Cintas is seeking a Catalog Sales Manager to lead a team of Catalog Sales Representatives to proactively up-sell current customer accounts with products from the Cintas catalog. Products from our catalog line include, but are not limited to, custom logo shirts and pants, work boots, outerwear, hats and gloves. Responsibilities include exceeding catalog sales and projections; improving the way catalog sales are promoted, ordered, billed and delivered; promoting a positive and energetic attitude in the operation of catalog by sales by working with the service department on marketing the Cintas catalog and its products.

Skills/Qualifications

Required


Valid driver's license
High School Diploma/GED


Preferred


Sales management experience
Industrial sales background
Minimum 1 year outside sales experience
Proficiency with Microsoft Office (Outlook, Word, Excel, PowerPoint) and Internet/Intranet


Benefits

Cintas offers comprehensive and competitive medical, dental and vision benefits, with premiums below the national average. We offer flexibility with four different medical plan options; one plan is offered at zero cost.

Additionally, Our Employee-partners Enjoy


 Competitive Pay
 401(k) with Company Match/Profit Sharing/Employee Stock Ownership Plan (ESOP)
 Disability, Life and AD&D Insurance, 100% Company Paid
 Paid Time Off and Holidays
 Skills Development, Training and Career Advancement Opportunities


Company Information

Cintas Corporation helps more than one million businesses of all types and sizes get Ready™ to open their doors with confidence every day by providing products and services that help keep their customers’ facilities and employees clean, safe, and looking their best. With offerings including uniforms, mats, mops, towels, restroom supplies, workplace water services, first aid and safety products, eye-wash stations, safety training, fire extinguishers, sprinkler systems and alarm service, Cintas helps customers get Ready for the Workday®. Headquartered in the U.S., Cincinnati, OH, Cintas is a publicly held Fortune 500 company traded over the Nasdaq Global Select Market under the symbol CTAS and is a component of both the Standard & Poor’s 500 Index and Nasdaq-100 Index.

Cintas Corporation is proud to be an Equal Opportunity Employer. Qualified applicants will receive consideration for employment without regard to race, color, religion, sex (including pregnancy), national origin, age, genetic information, disability, protected veteran status, or any other characteristic or category protected by local, state, or federal law.

This job posting will remain open for at least five (5) days.

Job Category: Sales

Organization: Rental

Employee Status: Regular

Schedule: Full Time

Shift: 1st Shift",https://www.linkedin.com/jobs/view/4446116678/?eBP=NON_CHARGEABLE_CHANNEL&refId=vpVUW5cdOSYCXw%2BvHYLxTw%3D%3D&trackingId=sXrvIc4XFOeKpFkEE1Ny5A%3D%3D&trk=flagship3_search_srp_jobs,Product Analyst
Product Owner,BCforward,"Wilmington, DE",8 minutes ago,"1 applicant

Promoted by hirer",True,"About the job

Job Title: Product Owner

Location: Wilmington, Delaware

Duration: Contract - 12 months, with potential extension and FTE conversion

Pay Range: $51/hr -$55/hr (W2)

Job ID: 407506

Onsite/Hybrid: In office Monday and Tuesday, remote remainder of week. Subject to change to full-time in office based on Delaware return-to-office timeline.

Assignment Sponsor: Lisa Gutman

 

About BCforward

BCforward is a leading global IT consulting and workforce solutions firm providing services and support to Fortune 500 and government clients. Founded in 1998, BCforward has grown with our customers needs into a full-service business solutions provider. With delivery centers and offices across North America and India, we take pride in building long-term relationships and delivering excellence through innovation, collaboration, and integrity.

 

Job Description

We are seeking a Product Owner to join our dynamic team. The ideal candidate will have strong experience in backlog and sprint ownership, requirements elicitation and story shaping, and cross-functional coordination and a proven ability to translate business needs into prioritized, ready work that ships predictably.

 

Responsibilities:

Perform and coordinate analysis and design of business systems, from discovery through delivery.
Develop and maintain a thorough understanding of customer needs from business and technical perspectives.
Capture business requirements and see them through implementation with engineering and QA partners.
Develop, execute, and coordinate systems testing with clear acceptance criteria and Definition of Done.
Act as a liaison between business user groups and technical systems teams, aligning scope and timing.
Own sprint ceremonies and backlog health, keeping work unblocked and prioritized for upcoming sprints.

Required Skills & Qualifications:

End-to-end sprint and backlog ownership with evidence of predictable delivery and risk management.
Strong story shaping and requirements quality, including user stories, acceptance criteria, slicing, and dependency mapping.
Discovery skills that translate into prioritized backlogs with measurable outcomes and success metrics.
Clear communication and influence across stakeholders without direct authority, including effective sprint ceremonies.
3-6 years of relevant business analysis or product-focused experience in agile settings.

Preferred Skills:

Experience coordinating intake, refinement, sprint planning, execution, and release with engineering and QA.
Background in systems testing and UAT management with traceable acceptance criteria to delivery.

Candidate Profile Notes:

Top traits: ownership and accountability, structured prioritization and decision-making, clear communication and influence.
Disqualifier: lack of explicit product experience.
Typical day: check sprint health, run standup, unblock delivery, clarify requirements, conduct discovery, and keep backlog ready.

Why BCforward?

At BCforward, we believe in advancing lives and careers. When you join our team, you gain access to:

Competitive compensation and benefits.
Opportunities for growth with global clients.
A supportive, inclusive culture that values innovation and people.
Exposure to cutting-edge technologies and projects.

 

About Our Commitment

BCforward is an equal opportunity employer. We value diversity and are committed to creating an inclusive environment for all employees. All qualified applicants will receive consideration for employment without regard to race, color, religion, gender, sexual orientation, gender identity, national origin, age, disability, or veteran status.

Interested? Apply Now!

If this sounds like the right opportunity for you, please apply with your most recent resume.

 

Email ID: 

Phone No.: 503- 957-6265",https://www.linkedin.com/jobs/view/4445192370/?eBP=NON_CHARGEABLE_CHANNEL&refId=vpVUW5cdOSYCXw%2BvHYLxTw%3D%3D&trackingId=o8OtWQawRN9vEaGreXGO1w%3D%3D&trk=flagship3_search_srp_jobs,Product Analyst
Data Analyst - Product Data Science,Flatiron Health,"New York, NY",8 minutes ago,"10 people clicked apply

Responses managed off LinkedIn",True,"About the job

We're looking for a Data Analyst to help us accomplish our mission to improve lives by learning from the experience of every cancer patient. Here's what you need to know about the role, our team and why Flatiron Health is the right next step in your career.

What You'll Do

In this role, you'll work primarily with Flatiron’s Data Capabilities team to maintain operational tools and metrics that support our real world evidence deliveries and the needs of our customers, and perform analyses in order to improve these processes. This includes applying interactive data visualization products to our internal data, creating ad-hoc tools and analyses/experiments, or developing predictive models. In addition, you'll also:



Transform data and metadata into actionable insights using robust statistical methods and compelling data visualizations in formats accessible to internal stakeholders
Develop, document, and maintain metrics for operations teams
Surface analytic insights to operations teams through the development and support of data tools and dashboards
Work with cross-functional stakeholders to define experiments and projects using data to support internal processes or prioritize internal software feature requests
Generate ideas for analyses to shape future projects, contributing to a pipeline of opportunities that will help Flatiron achieve its ambitious goals



The Data Analyst will work collaboratively with a wide range of stakeholders, from Clinical Quality Managers, Clinical Data Analysts, Abstraction Operations, Data Scientists, and other members of Flatiron's Evidence Organization.

Who You Are

You're a Data Analyst with 1-3+ years of work experience analyzing data and creating visualizations in business intelligence software (e.g., Looker, Tableau, Apache Superset, etc). You're excited by the prospect of rolling up your sleeves to tackle meaningful problems each and every day. You’re a kind, passionate and collaborative problem-solver who seeks and gives candid feedback, and values the chance to make an important impact.



You have a BS or MS from a technical field of study (e.g. data science, engineering, computer science, mathematics, applied statistics, health economics, etc.) or you’ve done programming/scripting on your own 
You have experience coding in SQL and Python (pandas)
You have experience working with and automating spreadsheets such as Excel (with Excel VBA) and Google Sheets (with Google AppScripts)
You are a self-starter who can independently prioritize and address problems in a highly ambiguous environment
You are a clear and confident communicator who can break down complex data analysis to tell a compelling story
You are comfortable working with remote teams



If this sounds like you, you'll fit right in at Flatiron.

Extra Credit



You have experience with dbt and Airflow
You have experience with AI coding assistants such as Cursor or Claude Code
You have prior Operations experience
You have prior Oncology or Clinical Data experience
You have experience designing experiments or creating predictive models



Where You’ll Work 

In this hybrid role, you’ll have a defined work location that includes work from home and 3 office days set by you and your team. For more information on our approach to hybrid work, please visit the how we work website.

Life at Flatiron 

At Flatiron Health, we offer a full range of benefits to support you and your loved ones so you can focus your working hours on improving cancer care and accelerating cancer research, and your non-working hours on everything else life has to offer:



Work/life autonomy via flexible work hours and flexible paid time off
Comprehensive compensation package
401(k) contribution to help you reach your retirement planning goals
Financial health resources including 1:1 financial advice
Mental well-being tools and services 
Parental benefits and policies including family-building care and generous leave
Path to parenthood programs supporting fertility, adoption and surrogacy
Travel support for safe healthcare services



In addition to our robust benefit offerings, visit our Life at Flatiron page to learn how we support continuous learning and celebrate inclusion and belonging in the workplace.

Salary Range: $88000 - $121000

An Important Note On Compensation

The pay range for this position is based on the preferred primary location of the role which is listed above. If you are applying to this role at a location that is not the preferred primary location, please keep in mind the salary range will vary and may fall outside of what is listed. Base pay offered may vary depending on job-related knowledge, skills, and experience. An annual bonus and equity may be provided as part of the compensation package, in addition to a full range of medical, financial, and/or other benefits, depending on the position offered.

Flatiron Health is proud to be an Equal Employment Opportunity employer.

We do not discriminate based upon race, religion, color, national origin, gender (including pregnancy, childbirth, or related medical conditions), sexual orientation, gender identity, gender expression, age, status as a protected veteran, status as an individual with a disability, or other applicable legally protected characteristics.",https://www.linkedin.com/jobs/view/4446112714/?eBP=NON_CHARGEABLE_CHANNEL&refId=vpVUW5cdOSYCXw%2BvHYLxTw%3D%3D&trackingId=F6iergpN4DalkZZqMe1fEA%3D%3D&trk=flagship3_search_srp_jobs,Product Analyst
Servicing Business Analyst,Primary Residential Mortgage,"Centennial Park, AZ",8 minutes ago,"2 people clicked apply

Responses managed off LinkedIn",True,"About the job

Position purpose

Business Analyst will collect and analyze data, perform risk analyses, and assist the organization in making better business decisions that maintain compliance and align with industry best practices.

Responsibilities/Duties/Functions/Tasks

Analyze business unit processes and procedures and identify improvement opportunities


 Collaborate with multiple departments to understand and anticipate their needs and translate them into project requirements
 Align the needs of the business units with the capabilities delivered by technology solutions
 Leverage industry and technology resources to share best practices across all functional units
 Work constructively with business units, senior management and third parties
 Facilitate problem-solving and decision-making
 Facilitate prioritization of projects and ensure on-time delivery of solutions
 Explore and measure the value of the project output to promote quality assurance


Qualifications


 Possess strong communication, analytical, and problem-solving skills
 Excellent verbal and written communications skills, relationship management, client facing, negotiation, team-building, and problem-solving.
 Possess strong organizational and time management skills.
 A sharp eye for identifying weak points in processes and organizational structures.
 A thorough understanding of the latest process enhancement strategies.
 2 + years experience in leadership and project management
 Experience working for multiple areas of a single business to promote diverse perspective
 Knowledge of Microsoft Office applications (i.e. Word, Excel, Outlook, PowerPoint, etc.)


Supervisory Responsibilities


 Recruits, interviews, hires, and trains new staff
 Oversees the daily workflow of the department
 Provides coaching to department staff
 Provides constructive and timely performance evaluations
 Handles discipline and termination of employees in accordance with company policy
 Goal-Setting and Training of Team Members


Preferences


 Extraordinary attention to detail
 Ability to work and to deliver content under tight deadlines
 Ability to work independently and collectively
 Bachelor’s degree in business administration, finance, economics or other related discipline or the equivalent combination of education, training, or work experience
 Progressive track record in leadership and management roles
 High comfort level with use of various industry related software systems
 2-5 years experience in developing process enhancement strategies that promote efficiencies


Career Path Opportunities


 Certification in Lucid Charts
 MBA CMS Certification
 Six Sigma Certification


Company Conformance Statements

In the performance of assigned tasks and duties all employees are expected to conform to the following:


Review and adhere to policies and guidelines contained within the Employee Handbook, including privacy and information security guidelines.
Act within delegated authorities and adheres to applicable policy and procedures associated with such authorities.
Contribute to establishing a respectful workplace where diversity is critical to innovation and growth.
Ensure every action and decision is aligned with PRMI values.
Partner with your management team to understand performance expectations and measurements. Effectively utilize feedback and coaching opportunities while seeking to learn and develop within your role at PRMI.
Realize team synergies through networking and partnerships across PRMI.
Embrace change; act as advocate and role model, promoting an approach of continuous improvement.
Maintain a high standard of customer care while actively listening to customers in an effort to understand their views and needs. Take ownership of problems and issues, taking into consideration the breadth of PRMI competencies in providing solutions.
Work independently while understanding the necessity for communicating and coordinating work efforts with other employees and organizations.
Work effectively as a team contributor on all assignments.
Perform quality work within deadlines.
Respect client and employee privacy.


Work Requirements

Each employee must be able to communicate clearly and effectively, utilize a computer, maintain a work schedule, and effectively perform in an office setting. To maintain and ensure secure privacy of borrower (and other protected) information, an essential function of this job may require physical attendance in a defined office space. (i.e. branch or corporate office location). Employment with PRMI requires compliance with and adherence to all applicable mortgage and fair lending laws and regulations as well as PRMI policies. The ability to work extended hours may be required.

Nothing in this job description restricts management’s right to assign or reassign duties and responsibilities to this job at any time.",https://www.linkedin.com/jobs/view/4442895092/?eBP=NON_CHARGEABLE_CHANNEL&refId=vpVUW5cdOSYCXw%2BvHYLxTw%3D%3D&trackingId=sP2H6sp8GyJ35S2Q4COG8Q%3D%3D&trk=flagship3_search_srp_jobs,Product Analyst
Incident Response Analyst,Astreya,"Austin, Texas Metropolitan Area",9 minutes ago,"2 applicants

Promoted by hirer",True,"About the job

Job Description

Minimum of 3-5 years' experience in a command center, service center, or similar 24x7 operations center environment.




Critical Power: Experience responding to failures in Uninterruptible Power Supplies (UPS), emergency generators, and Power Distribution Units (PDUs).







Cooling & HVAC: Proven track record handling cooling loops, chillers, and Computer Room Air Conditioning (CRAC) units during thermal emergencies.







Monitoring Tools: Hands-on experience triaging real-time alerts from Building Management Systems (BMS) and Data Center Infrastructure Management (DCIM) tools.







Standard Operating Procedures: Following and executing Emergency Operating Procedures (EOPs) and Method of Procedure (MOP) documents.













Vendor Management: Experience coordinating with external utility companies, fuel delivery vendors, and specialized equipment technicians under tight SLAs.




Education and/or Work Experience Requirements: 




1. Experience in managing Data center enterprise incidents. (facility, noc, soc etc.)




2. Associate’s degree in IT, or equivalent experience. 0–2 years in IT or Security Ops.







3. Bachelor’s degree in Information Systems, or Computer Science. 2–4 years SOC/IR experience.







4. 3–5 years of experience in incident response in data center environment.










Knowledge, Skills & Abilities:

Hands-on experience with Incident io, Grafana, Ring, JIRA, Teleport, Confluence.
Familiarity with log sources (Windows, Linux, firewalls, cloud logs)
Strong analytical, troubleshooting, and decision-making skills under pressure.
Familiarity with regulatory standards (e.g., SOC 2, HIPAA, ISO 27001, NIST).
Excellent written and verbal communication, including technical documentation.




Competencies:




Active learner, methodical, eager to follow procedures, dependable.
Analytical, responsive, detail-oriented, collaborative, capable of leading investigations.
Strategic, able to lead IR efforts, skilled at executive communication, mentor to junior analysts.
Visionary, able to design incident response strategy, align security with business risk, lead multi-stakeholder efforts.

Physical Requirements: 

Prolonged periods sitting at a desk and working on a computer.
Ability to use a keyboard, mouse, and other standard office equipment.",https://www.linkedin.com/jobs/view/4445196285/?eBP=NON_CHARGEABLE_CHANNEL&refId=vpVUW5cdOSYCXw%2BvHYLxTw%3D%3D&trackingId=XRtVSU9Xba5jtw7Gurt2kg%3D%3D&trk=flagship3_search_srp_jobs,Product Analyst
Product Manager at Bumpin,Jack & Jill,United States,9 minutes ago,"2 people clicked apply

Promoted by hirer",True,"About the job

This is a job that Jill, our AI Recruiter, is recruiting for on behalf of one of our customers.

She will pick the best candidates from Jack's network.

The next step is to speak to Jack.

Job Title

Product Manager

Salary

Not Disclosed

Company Description

Bumpin is a high-growth technology company building innovative solutions in the B2B SaaS space. We are dedicated to creating seamless digital experiences through a focus on strong product discovery and roadmap execution, empowering teams to ship features that drive measurable business impact and long-term customer retention.

Job Description

As a Product Manager at Bumpin, you will lead the end-to-end lifecycle of critical B2B SaaS features. Working remotely, you'll partner closely with design and engineering teams to transform discovery insights into high-impact roadmaps. Your work will directly influence company growth, focusing on shipping measurable improvements to ARR and retention.

Location

Remote

Why this role is remarkable


Join a fast-moving B2B SaaS team where your product decisions directly impact key business metrics like ARR and user retention.
Work in a fully remote environment with a high degree of autonomy and the opportunity to shape the future of AI-driven developer tools.
Collaborate with a talented, cross-functional team of designers and engineers who value shipping high-quality, measurable features at scale.


What You Will Do


Lead the product discovery process to identify high-value opportunities and translate them into a clear, actionable product roadmap.
Partner deeply with engineering and design teams to ship robust features that solve complex user problems and deliver business value.
Analyze post-launch performance data to measure outcomes such as retention lift and revenue impact, iterating based on real-world results.


The ideal candidate


Possesses over 5 years of experience as a Product Manager within the B2B SaaS industry, demonstrating a track record of successful feature delivery.
Exhibits exceptional skills in product discovery and roadmap management, with a proven ability to collaborate across technical and creative departments.
Can demonstrate previous success through specific, measurable outcomes such as driving ARR growth or significantly improving customer retention rates.


Who are Jack & Jill?

Ok, I'll go first. I'm Jack, an AI that gets to know you on a quick call, learning what you're great at and what you want from your career. Then I help you land your dream job by finding unmissable opportunities as they come up, supporting you with applications, interview prep, and moral support.

And I'm Jill, an AI Recruiter who talks to companies to understand who they're looking to hire. Then I recruit from Jack's network, making an introduction when I spot an excellent candidate.

How does this work?


Jack's an AI agent for job searching and career coaching. He works for you.
Jill is the AI recruiter working for the company. She recruits from Jack's network.
If it's a match and the company wants to meet you, they'll make the intro. In the meantime, if you'd like, Jack will send you excellent alternatives.


We never post fake jobs

This isn't a trick. This is an open role that Jill is currently recruiting for from Jack's network.

Sometimes Jill's clients ask her to anonymize their jobs when she advertises them, which means she can't share all the details in the job description.

We appreciate this can make them look a bit suspect, but there isn't much we can do about it.

Give Jack a spin! You could land this role. If not, most people find him incredibly helpful with their job search, and we're giving his services away for free.",https://www.linkedin.com/jobs/view/4445177375/?eBP=NON_CHARGEABLE_CHANNEL&refId=vpVUW5cdOSYCXw%2BvHYLxTw%3D%3D&trackingId=G6PJhzZ6XeT%2FJIIETvd44Q%3D%3D&trk=flagship3_search_srp_jobs,Product Analyst
Research Data Specialist,Moffitt Cancer Center,"Tampa, FL",9 minutes ago,"53 people clicked apply

Responses managed off LinkedIn",True,"About the job

Working at Moffitt is both a career and a mission: to contribute to the prevention and cure of cancer.

As the only National Cancer Institute-designated Comprehensive Cancer Center based in Florida, Moffitt employs some of the best and brightest minds from around the world. Join a dedicated team of nearly 11,000 who are shaping the future we envision. Moffitt has been recognized as a Best and Brightest Company to Work For in the Nation and is continually named one of the Tampa Bay Times’ Top Workplaces.

Summary

The data management resource will be embedded within ongoing ID and ITOX research efforts and will focus on accelerating projects that are currently constrained by limited data support. We will select 2 or 3 research projects with defined near-term deliverables and potential for downstream funding.


 EMR data abstraction
 Data cleaning, validation, and query resolution
 Development and maintenance of structured datasets for retrospective and prospective studies
 Support for IRB and regulatory documentation
 Preparation of analysis-ready datasets to enable abstracts, manuscripts, and pilot grant submissions


Qualifications

High School Diploma/GED required.

Commercial education in allied health program or equivalent required.

Coursework or equivalent experience in medical terminology, anatomy

and physiology required.

Salary Range 

$20.14 - $30.70

Salary ranges posted for this position represent the expected base pay range for the role. Actual compensation may vary based on location and a variety of job-related factors, including experience, skills, education, and internal equity among Team Members in similar positions.

We are committed to maintaining fair and equitable pay practices and regularly review compensation to ensure alignment across our workforce.

Moffitt Career Site

If you have the vision, passion, and dedication to contribute to our mission,

then we have a place for you!


 Equal Employment Opportunity


Moffitt Cancer Center is an Equal Opportunity/Affirmative Action Employer. All qualified applicants will receive consideration for employment without regard to race, color, religion, sex, sexual orientation, gender identity, national origin, age, or protected veteran or disabled status. We seek candidates whose skills, and personal and professional experience, have prepared them to contribute to our commitment to diversity and excellence.


 Reasonable Accommodation


Federal law requires employers to provide reasonable accommodation to qualified individuals with disabilities. Please tell us if you require a reasonable accommodation to apply for a job or to perform your job. Examples of reasonable accommodation include making a change to the application process or work procedures, providing documents in an alternate format, using a sign language interpreter, or using specialized equipment. Moffitt endeavors to make moffitt.org/careers accessible to any and all users. If you would like to contact us regarding the accessibility of our website or need assistance completing the application process, please contact one of the Human Resources receptionists by phone at 813-745-7899 or by email at HRReceptionists@moffitt.org. This contact information is for accommodation requests only and cannot be used to inquire about the status of applications.

Read more information about your EEO rights under the law.

Transparency in Coverage Rule",https://www.linkedin.com/jobs/view/4445925929/?eBP=NON_CHARGEABLE_CHANNEL&refId=vpVUW5cdOSYCXw%2BvHYLxTw%3D%3D&trackingId=g05AI%2FMK%2FvF80okJyi9Edw%3D%3D&trk=flagship3_search_srp_jobs,Product Analyst
Junior Analyst,Strive Group Of Companies,"Texas, United States",9 minutes ago,"9 applicants

No response insights available yet",True,"About the job

📌 Junior Analyst (Remote / Entry-Level)

We are hiring Junior Analysts for simple remote tasks. No experience or qualifications required, as training will be provided.

Responsibilities:

Basic data entry and simple online tasks
Update information and reports
Follow instructions from the team

Requirements:

Beginner-friendly
Basic computer or mobile phone skills
Responsible attitude
Able to communicate in English

What We Offer:

Fully remote work
Flexible hours
Training and support provided
Full-time or part-time available",https://www.linkedin.com/jobs/view/4442895082/?eBP=NON_CHARGEABLE_CHANNEL&refId=vpVUW5cdOSYCXw%2BvHYLxTw%3D%3D&trackingId=fUUJoxUgC%2B2BLV%2FRuujkIw%3D%3D&trk=flagship3_search_srp_jobs,Product Analyst
Lead Systems Analyst,NTT DATA North America,"Charlotte, NC",10 minutes ago,"1 person clicked apply

Promoted by hirer",True,"About the job



NTT DATA strives to hire exceptional, innovative and passionate individuals who want to grow with us. If you want to be part of an inclusive, adaptable, and forward-thinking organization, apply now.

We are currently seeking a Lead Systems Analyst to join our team in Charlotte, North Carolina (US-NC), United States (US).

Job Description:
Lead Systems Analyst
Day-to-Day Job Duties: (What this person will do on a daily/weekly basis)
Collaborate with business stakeholders to gather, analyze, and document functional and non-functional requirements for enterprise applications.
Lead requirements elicitation workshops and translate business needs into user stories, use cases, process flows, and functional specifications.
Partner with Product Owners, Solution Architects, Developers, QA teams, and business users to deliver solutions aligned with business objectives.
Manage and prioritize the product and requirements backlog, ensuring stories are refined, estimated, and development-ready.
Perform impact analysis for system enhancements, production issues, and new initiatives while identifying risks and dependencies.
Participate in Agile ceremonies including Sprint Planning, Backlog Refinement, Daily Stand-ups, Sprint Reviews, and Retrospectives.
Review solution designs and ensure alignment with business requirements, enterprise architecture, and technology standards.
Act as the primary liaison between business and technical teams, facilitating communication and resolving functional issues throughout the SDLC.
Develop and maintain business process documentation, workflow diagrams, functional specifications, and requirements traceability.
Support User Acceptance Testing (UAT), defect triage, release planning, production deployments, and post-implementation validation.
Mentor junior analysts, promote best practices, and drive continuous process improvement initiatives across projects and teams.
Basic Qualifications: (What are the skills required for this job with minimum years of experience on each)
Minimum 5+ years of experience as a Systems Analyst or Business Systems Analyst supporting enterprise software applications.
Minimum 3+ years of experience working in Agile delivery environments; SAFe experience is preferred.
Minimum 3+ years of experience gathering business requirements and translating them into user stories, use cases, acceptance criteria, and functional specifications.
Minimum 3+ years of experience using Agile Lifecycle Management tools such as Jira, Azure DevOps (ADO), or equivalent.
Minimum 3+ years of experience in business process analysis, gap analysis, solution design, and impact assessment.
Minimum 3+ years of experience facilitating workshops and collaborating with business stakeholders and cross-functional technical teams.
Minimum 3+ years of experience supporting User Acceptance Testing (UAT), defect management, release planning, and production implementations.
Degree:
Bachelor's degree in information technology, Computer Science, Business Administration, Information Systems, Engineering, or a related field.
Nice to Have: (But not a must)
SAFe Scrum/Product Owner Certification, CBAP, PMI-PBA, or equivalent Business Analysis certification.
Experience working in Financial Services, Insurance, Healthcare, or other large enterprise environments.
Experience leading or mentoring Business/System Analysts and coordinating work across multiple Agile teams.

About NTT DATA:

NTT DATA is a $30 billion trusted global innovator of business and technology services. We serve 75% of the Fortune Global 100 and are committed to helping clients innovate, optimize and transform for long term success. As a Global Top Employer, we have diverse experts in more than 50 countries and a robust partner ecosystem of established and start-up companies. Our services include business and technology consulting, data and artificial intelligence, industry solutions, as well as the development, implementation and management of applications, infrastructure and connectivity. We are one of the leading providers of digital and AI infrastructure in the world. NTT DATA is a part of NTT Group, which invests over $3.6 billion each year in R&D to help organizations and society move confidently and sustainably into the digital future. Visit us at us.nttdata.com

NTT DATA endeavors to make https://us.nttdata.com accessible to any and all users. If you would like to contact us regarding the accessibility of our website or need assistance completing the application process, please contact us at https://us.nttdata.com/en/contact-us. This contact information is for accommodation requests only and cannot be used to inquire about the status of applications. NTT DATA is an equal opportunity employer. Qualified applicants will receive consideration for employment without regard to race, color, religion, sex, sexual orientation, gender identity, national origin, disability or protected veteran status. For our EEO Policy Statement, please click here. If you'd like more information on your EEO rights under the law, please click here. For Pay Transparency information, please click here.

NTT DATA provides a reasonable range of compensation for U.S.-based positions. The starting pay range for this role is $65 to $71/hour . Actual compensation will depend on a number of factors, including the candidate's relevant experience, technical skills, and other qualifications.
This position is eligible for company benefits including participation in medical, dental, and vision insurance, flexible spending or health savings account, and AD&D insurance, employee assistance, participation in a 401k program, and additional voluntary or legally-required benefits
#indist





Desired Skills and Experience

LEAD SYSTEMS ANALYSTSYSTEMS ANALYSTBUSINESS SYSTEMS ANALYSTAGILESAFEBUSINESS PROCESS ANALYSISGAP ANALYSISSOLUTION DESIGNIMPACT ASSESSMENTUSER ACCEPTANCE TESTINGDEFECT MANAGEMENTRELEASE PLANNINGPRODUCTION IMPLEMENTATIONSUATJIRAADOAZURE DEVOPSUSER STORIESUSE CASEACCEPTANCE CRITERIAFUNCTIONAL SPECIFICATIONSSPECIFICATIONS",https://www.linkedin.com/jobs/view/4446110674/?eBP=NON_CHARGEABLE_CHANNEL&refId=vpVUW5cdOSYCXw%2BvHYLxTw%3D%3D&trackingId=dnXNicq7PkaondOlGsKm7Q%3D%3D&trk=flagship3_search_srp_jobs,Product Analyst
Implementation Analyst,Maybern,"New York, NY",Reposted 11 minutes ago,"Over 100 people clicked apply

Promoted by hirer",True,"About the job

Who We Are

Maybern is transforming the way private fund managers effectively manage their funds through cutting edge technology: an operating system with deterministic guard rails underneath, agents on top. Maybern is founded by top engineering experts with deep knowledge of the fund management space.

Private funds manage $15T in capital and are growing at 20% YoY, but with increasing regulatory scrutiny and investor demands for transparency, the need for more modern, fully agentic solutions to help private fund CFOs is crucial.

This is where Maybern comes in.

We are equipping fund managers with a fully agentic operating system for private fund management, enabling private investment managers to focus on what they do best: driving returns for their investors. We are backed by leading venture capital firms and a large number of strategic investors.

Maybern is an NYC based company with a strong in-office culture to drive collaboration, and we are looking to make strong additions to our team.

What We’re Looking For

We're looking for analytically-minded problem solvers who want to bridge technology and fund finance. As an Implementation Analyst at Maybern, you'll implement our software for private fund clients, translating their complex requirements into working solutions while building trusted relationships with fund managers.

What You’ll Do

As part of Maybern's Implementation Team, you'll own the end-to-end implementation process for new clients, working closely with Client Success, Solutions, Product, and Engineering. Your work directly shapes how clients experience our product and influences what we build next.


Build: You will build relationships with our clients, plan onboarding and roll-out processes for new fund managers, and evaluate product enhancements. 
Plan: Analyze key requirements for clients to help Product Managers prioritize the product roadmap. 
Deliver: You will deliver on key milestones throughout the entire life of the project while managing the relationship with our clients. You will also help to train our clients on our complex fund software, and support them as they adopt our product. 


Who You Are


Technically Curious: You’re drawn to the intersection of software and business logic, and you like understanding how systems behave under different configurations or inputs. 
Collaborative. You love to work in a dynamic and collaborative environment managing both internal and external stakeholders, excel at distilling and incorporating feedback, and are a clear and consistent communicator. 
Detail-Oriented: There is no room for error when building software to manage such critical calculations for enterprise investment managers. 
Systems Thinker: You approach problems with a technical and holistic mindset, considering broader implications and interconnectivity within workflows and processes. 
Adaptable: You adjust quickly to changing priorities and conditions, effectively coping with complexity and change, and thrive as a self-starter who takes initiative without needing much direction. 


This Could Be a Great Fit If You…


Have a Bachelor's degree in Computer Science, Finance, Engineering, Mathematics, or related quantitative field
Have 1-3 years of experience in a technical client-facing role (e.g., technical onboarding, solution consulting, implementation)
Are proficient in Microsoft Excel 
Have strong project management skills
Have a heightened attention to detail that can be applied to the translation of a variety of private fund structures and calculations into a flexible software solution
Have strong communication skills, both written and verbal, and are comfortable interacting with clients
Are comfortable with and excited about using AI tools to enhance productivity and problem-solving in your daily work


Benefits


We offer a competitive salary + equity package, comprehensive benefits, and a flexible family-friendly work environment. Some of our perks include:
Comprehensive healthcare benefits
Maybern covers 100% of medical, dental, and vision premiums
HSA & FSA plans 
Family-Friendly policies
Paid parental leave
Flexible schedule
Flexible PTO / sick leave
WFH as needed to fit your needs
401k

Compensation Range: $85K - $95K",https://www.linkedin.com/jobs/view/4414290283/?eBP=NON_CHARGEABLE_CHANNEL&refId=vpVUW5cdOSYCXw%2BvHYLxTw%3D%3D&trackingId=T%2BwPUCTTIwHizwWtmHQoMg%3D%3D&trk=flagship3_search_srp_jobs,Product Analyst
Sr Analyst CoE Innovation,DHL Supply Chain,"Westerville, OH",Reposted 11 minutes ago,"8 people clicked apply

Responses managed off LinkedIn",True,"About the job

The Senior Innovation Analyst position entails elevating the corporate innovation program by orchestrating the conception and execution of novel projects, leading dynamic engagement with project teams, and conducting exhaustive evaluations of cutting-edge technologies harmonizing with the company's strategic objectives. This seasoned professional will assume a central role in driving forward research, orchestrating intricate experiments, orchestrating seamless adoption, and orchestrating impactful market launches for innovation initiatives spanning the entirety of the organization.

Functioning at this senior level, the Senior Innovation Analyst will propoel innovation initiatives by applying advanced engineering principles and orchestrating the seamless transfer of expertise. Through close collaboration with business units, their role will encompass providing holistic guidance to ensure the seamless assimilation of pioneering concepts that magnify business value and elevate customer interaction by deploying state-of-the-art, inventive solutions.

xx



Innovation Leadership: Take charge of leading innovation projects that have a direct impact on accelerating DHL Supply Chain operations performance, contributing significantly to the achievement of targeted revenue and profit growth 
Driving Digital Transformation: Play a pivotal role in actively driving the Accelerated Digitalization process from its inception, overseeing every facet from idea generation, through seamless delivery, to continuous performance monitoring 
Strategic Analysis Development: Develop comprehensive analysis for strategic initiatives by conducting primary and secondary research, performing data summation and analytics, preparing persuasive presentations, and effectively presenting key findings. Provide general support to ensure strategic success 
Business Collaboration:Partners closely with business units to ensure the smooth integration of innovative solutions, striving to augment business value and elevate customer engagement through innovative practices 
Effective Training and Knowledge Transfer: Facilitate effective training and knowledge transfer to site users and others, ensuring they are well-versed in the operation, maintenance, and issue resolution of performance tracking tools/systems 
Promoting Innovative Culture: Foster an environment within the analysis process that encourages open, uninhibited sharing of ideas and insights. Implement processimprovement methodologies to cultivate a culture of continuous improvement. 
Championing Best Practices: Champion the distribution of best practices during the deployment of innovations, actively contributing to the successful implementation and ongoing refinement of transformative initiatives. 
Assessment Tool Development: Develop specialized tools tailored to specific products that facilitate the regional deployment of innovative solutions, streamlining processes and enhancing efficiency 
Reporting and Presentation: Collaborate on Global/NorAm DHL Supply Chain Innovation reporting and presentation activities, adding valuable insights and data to convey progress and accomplishments effectively 
Additional Responsibilities:Perform other duties as assigned, displaying flexibility and adaptability to contribute to diverse initiatives as needed",https://www.linkedin.com/jobs/view/4443991592/?eBP=NON_CHARGEABLE_CHANNEL&refId=vpVUW5cdOSYCXw%2BvHYLxTw%3D%3D&trackingId=ARSuVwg4uZLWmv62So37%2BQ%3D%3D&trk=flagship3_search_srp_jobs,Product Analyst
Product Manager- Modern Device,Connection,"Merrimack, NH",11 minutes ago,"3 people clicked apply

Promoted by hirer",True,"About the job

Overview

 What We Do 

We calm the confusion of IT by guiding the connection between people and technology. If a customer is looking for a better way to manage their warehouse inventory, equip their workforce, or secure their data, we make it happen. All it takes is finding the right combination of tech hardware, software, cloud solutions, and support services. That’s what we do. We’re the IT Department’s IT Department.

Who We Are

Our team is made stronger by a multitude of backgrounds, experiences, and perspectives. It’s what makes Connection unique—what drives us to innovate and create technology solutions that stand apart from the crowd. We’d love for you to be a part of that fabric, to share your ideas and experiences with a team that thrives on fresh thinking, creativity, and helping others.

 Why You Should Join Us 

You’ll find supportive teammates and a rewarding career at Connection—plus great benefits. We take pride in supporting employees with a total rewards package that provides financial, emotional, and physical resources for you and your family. Our compensation, 401k plans, medical insurance, and other benefits are progressive and competitive. We value the importance of our employees’ emotional wellbeing. To support employees, we provide free therapy visits, mental health coaching and tools, and meditation resources. You’ll also enjoy a generous paid time off package that includes not only vacation and sick time, but also Wellness and Volunteer Time Off days.

Applicants must be authorized to work for any employer in the U.S. We are unable to sponsor or take over sponsorship of an employment visa at this time.

Responsibilities

Working under minimal supervision of the Manager/Director, referring only exceptional problems and issues for management review or approval , the Product Manager works collaboratively with new and emerging partner(s) and internal resources to select key initiatives to drive growth and profitability. The Product Manager is responsible for developing, implementing and managing go-to-market strategies across all selling subsidiaries.

Evaluates new partner and solutions opportunities that would benefit program objectives; if advantageous, onboards partner ensuring appropriate contracts are executed to formalize partnership, pricing programs, service obligations and promotional activity

Identifies and engages eco-system partners such as leadership, partner, internal resources in Sales, Operations, Purchasing, Finance and TSG as well as contracted resources, if applicable, to create solution-oriented programs to drive partner/ program success by utilizing knowledge of the partners’ programs, solution offerings and architecture strategy while communicating program potential to stake holders.

Develops program strategies to support and drive the key partners and program initiatives in collaboration with the partner and internal resources by utilizing sales data, survey results and cross-departmental resource feedback

Creates business plans, campaigns and quarterly initiatives to align Connection and partner’s goals and objectives

Executes plan while engaging and aligning appropriate internal resources and partner resources to achieve program goals

Manages category go-to-market strategies for the partner portfolio and the creation of partner/ program collateral

Monitors activities to enforce accountability, measures effectiveness and reports on partner/ program enablement activities and performance metrics to maximizing partner’s return on investment and drive vendor consideration

Performs other duties and special projects as assigned.

 Min 

USD $67,000.00/Yr.

 Max 

USD $85,520.00/Yr.

Qualifications

Intermediate Microsoft Excel skills with ability to create complex spreadsheets using formulas, including v-lookup, and pivot tables.

Technical aptitude with ability to absorb and apply newly learned technical skills

Ability to leverage Business Intelligence tools to define business opportunities to drive marketing planning and opportunity

Broad understanding of a partner-driven channel model

Experience with business planning and strategic marketing plan development

Strong understanding of and working knowledge of the value added technology industry

Ability to listen to and anticipate needs of the partner and business stakeholder(s)

Advanced presentation skills with ability to deliver business proposals to both internal and external customers

Systematic advanced reasoning skills with ability to define problems, collect data, establish facts, and draw valid conclusions

Trend analysis skills with proven ability to develop short and long term business plans

Event management skills to assist with managing partner events

Knowledge of IT market dynamics and competitive insights to create/ guide messaging, solutions and sales tools

Adaptable with ability to switch tasks based on shifting priorities

Analytical with ability to draw conclusions from data, systematic and rational

Articulate with ability to express oneself clearly and professionally in written and oral communications

Attention to detail in composing, keying, and proofing professional business materials

Interpersonal skills with ability to work well with all levels of the organization

Conceptual with ability to conceive mentally, formulate ideas, use imagination to achieve results

Creative with ability to be inventive with artistic designs

Anticipates and considers external and internal elements with ability to develop long-term plans to leverage resources

Ability to influence vendors, key stakeholders and executives to obtain buy-in, commitment and vendor consideration

Self-starter with demonstrated capability to work in a fast-paced any dynamic business environment",https://www.linkedin.com/jobs/view/4445172702/?eBP=NON_CHARGEABLE_CHANNEL&refId=vpVUW5cdOSYCXw%2BvHYLxTw%3D%3D&trackingId=HCguXECwL%2B1c8kG58450lQ%3D%3D&trk=flagship3_search_srp_jobs,Product Analyst
