Title,Company,Location,Description,URL,Keyword
Business Analyst - Healthcare Analytics,DaVita Kidney Care,"DeLand, FL (Remote)","About the job

Posting Date

07/15/2026

1991 Industrial Dr, Deland, Florida, 32724-2039, United States of America

ROPS’ (Revenue Operations) supports the DaVita Village through arranging dialysis placements, verifying coverage, generating and submitting claims and coordinating with payors. This position will lead analyses, solve complex problems, improve processes and understand the intricacies of the Revenue Cycle in order to affect the bottom line of the organization and take ROPS to World Class.

As an Analyst within ROPS you will join a team of highly motivated individuals and will be a key player in enhancing business outcomes for various operational teams that impact DaVita’s revenue cycle.

Primary Responsibilities Of This Role

Analysis & Technical Skills:


Perform complex analysis including analytical modeling
Assess and quantify business impact of various efforts
Develop automated reporting around key business drivers
Utilize analytical tools such as SQL, Excel, Tableau, VBA, Python, Access, etc.


Problem Solving


Break down complex problems into digestible pieces; develop robust approach to solve
Synthesize analytical findings to recommend, facilitate and drive strategic and/or process improvements within the revenue cycle
Challenge status quo operations to identify transformative change


Project & Stakeholder Management


Influence change and drive results through effective written and oral communication
Interface and partner with leaders across multiple teams and/or external vendors and insurance companies
Create and maintain project plans; prepare and lead project updates to key stakeholders
Manage own resources and time in a way that aligns to priority & value of work


What Skills Do You Bring to the Role?


Bachelor's degree in related field of study (STEM, Mathematics, Statistics, Economics, Business)
1-2 years’ experience OR applicable work experience; Master’s degree preferred
Strong Excel and PowerPoint skills required; experience using other analytical tools such as SQL, Tableau, VBA, Python, Access, etc. preferred
Strong quantitative & problem solving skills including analytical modeling and insight generation
Ability to communicate complex ideas in a simple, easily digestible manner to a range of audiences including senior leaders
Commitment to DaVita's values of Service Excellence, Integrity, Team, Continuous Improvement, Accountability, Fulfillment and Fun
Experience in healthcare and/or revenue cycle preferred


What We’ll Provide

More than just pay, our DaVita Rewards package connects teammates to what matters most. Teammates are eligible to begin receiving benefits on the first day of the month following or coinciding with one month of continuous employment. Below are some of our benefit offerings.


Comprehensive benefits: Medical, dental, vision, 401(k) match, paid time off, PTO cash out
Support for you and your family: Family resources, EAP counseling sessions, access Headspace®, backup child and elder care, maternity/paternity leave and more
Professional development programs: DaVita offers a variety of programs to help strong performers grow within their career and also offers on-demand virtual leadership and development courses through DaVita’s online training platform StarLearning.


At DaVita, we strive to be a community first and a company second. We want all teammates to experience DaVita as ""a place where I belong."" Our goal is to embed belonging into everything we do in our Village, so that it becomes part of who we are. We are proud to be an equal opportunity workplace and comply with state and federal affirmative action requirements. Individuals are recruited, hired, assigned and promoted without regard to race, national origin, religion, age, color, sex, sexual orientation, gender identity, disability, protected veteran status, or any other protected characteristic.

This position will be open for a minimum of three days.

The Salary Range for the role is $57,784.00 - $85,000.00/year.

If a candidate is hired, they will be paid at least the minimum wage according to their geographical jurisdiction and the exemption status for the position.

New York Exempt: New York City and Long Island: $66,300.00/year, Nassau, Suffolk, and Westchester counties: $66,300.00/year, Remainder of New York state: $62,353.20/year New York Non-exempt: New York City and Long Island: $17.00/hour, Nassau, Suffolk, and Westchester counties: $17.00/hour, Remainder of New York state: $16.00/hour

Washington Exempt: $80,168.40/year Washington Non-exempt: Bellingham: $19.13/hour, Burien: $21.71/hour, Everette: $20.77/hour, Unincorporated King County: $20.82/hour, Renton: $21.57/hour, Seattle: $21.30/hour, Tukwila: $21.65/hour, Remainder of Washington state: $17.13/hour

For location-specific minimum wage details, see the following link: DaVita.jobs/WageRates

Compensation for the role will depend on a number of factors, including a candidate’s qualifications, skills, competencies and experience. DaVita offers a competitive total rewards package, which includes a 401k match, healthcare coverage and a broad range of other benefits. Learn more at https://careers.davita.com/benefits

Colorado Residents: Please do not respond to any questions in this initial application that may seek age-identifying information such as age, date of birth, or dates of school attendance or graduation. You may also redact this information from any materials you submit during the application process. You will not be penalized for redacting or removing this information.

Beware of Recruitment Fraud

DaVita will never ask for payment or personal financial information at any point in the hiring process, nor will we ever communicate with you using email addresses outside of the DaVita secure network. If you receive a request like this, it is not legitimate. Do not share your information.

Career Growth - From clinical and operations to corporate jobs, our learning and development programs help guide your career journey.",https://www.linkedin.com/jobs/view/4441225355/?eBP=CwEAAAGfnz6GlQryvI9XlP7nOEATJhKN_-BudIAwo5B21O1vQpCrlK01E9iQLbOSzjPSCIHg2cM7Re9NQOxcRIDo5-UtAfvBQHe6lUN2Y8QXWRN-lSwEwi51j8vfZtcqj7t8g_NdTZ-KoyKddyuNErqVS2tO4txVKQ79fsuHYfnK9ABASlmjyFewPXQPjQ7BKLuUaKB_tbMwBbXCohhgijFn2T_fsm_JG6yM7pSlTjlimFPBViRYT9IOlEm17-z6VTG2bH1qawIgNRvgTPdErjo26zz1JobbTw9qcm1sefqDCP-OGcZbD_Kiz7OhA8GHodxdGAhzYxagTLGV-yktYXgdLbLAS88g2aiCmirUhV49zbdI2csqGSVK_L3dA5v1i_Sk8iLka9z7O73BOxGObS2E31ix6MBEKo5tNGG-3SPGNdy0iNba5oV93FfpcTNcLut2mo0m6fNXCA&refId=4UwZpI6sUNEzorNn45Rqow%3D%3D&trackingId=a1lc3HI%2F53Ot64s%2BSRdeqg%3D%3D&trk=flagship3_search_srp_jobs,Business Analyst
Strategic Data Analyst - Global Business Solutions - San Jose,TikTok,"New York, United States (On-site)","About the job

Responsibilities
About Us
The Global Business Solutions (GBS) team is responsible for the revenue growth of the TikTok business, and our teams include Sales, Marketing, Ops, Account Managers, Agency and Partnerships, as well as Marketing Science.

At TikTok, our Global Business Solutions (GBS) team plays a key role in generating revenue by promoting our advertising solutions, onboarding new clients, driving ad campaigns, and more. As the TikTok community grows at an unprecedented speed around the world, our GBS team leads groundbreaking projects that are changing the landscape of the advertising industry in real time.

About The Role
We are looking for a Client Solutions Strategic Data Analyst to join our Client Solutions Team for the North America region. This role will play a key part in developing strategic, customized solutions that connect TikTok’s advertising products with clients’ business objectives.

The Strategic Data Analyst works closely with Sales, Product, Measurement, and Operations teams to design data-driven strategies and tailored solutions for complex business challenges. This will include generating insights, using data and business research, to proactively identify revenue opportunities. The role combines consultative thinking, strong analytical capabilities, and deep knowledge of media products to unlock growth opportunities for clients and the business.

In addition to responding to client needs, this role proactively identifies opportunities to drive product adoption, improve go-to-market strategies, and strengthen the implementation of TikTok’s global commercial frameworks.

Success in this role requires strategic thinking, strong analytical capabilities, cross-functional collaboration, and the ability to translate data into actionable insights and scalable solutions.

Responsibilities
- Perform regular monitoring of key business metrics to provide on-time feedback to relevant stakeholders of the outliers or actionable trends observed
- Prepare weekly/monthly/bi-monthly business review reports for leaders and key stakeholders to drive business decision-making and alignment
- Analyze campaign and business performance data to identify strategic insights, trends, and optimization opportunities
- Develop data-driven recommendations that improve client outcomes and inform TikTok’s go-to-market strategies
- Generate insights on revenue opportunities at a product and vertical level
- Maintain team documents to ensure relevance (e.g., data mapping, support schedules)
- Collaborate with operational leaders to ensure smooth project execution, drive stakeholder communication/alignment, govern the project timeline, and ensure ownership

Qualifications
Minimum Qualifications:
- 3+ years in a digital marketing company, with proven experience in business analysis and project management
- Practical skills and experience with data analytics and visualization tools such as Excel, SQL, Tableau, Thinkcell, and PowerPoint
- Experience working with data analysis and insights generation, including querying, data interpretation, and dashboard analysis
- Able to story-tell based on multiple data sources and business context to derive meaningful and strategic insights for the business
- Excellent English written (clear document writing, presentation making) and verbal communication skills

Preferred Qualifications
- Strategic thinking capacity, able to quickly understand the business and discover the connection between business and data performance, and the ability to translate complex data into clear business recommendations and strategic narratives
- Strong business analytical skills with the ability to collect, organise, analyse, and disseminate significant amounts of information with attention to detail and data accuracy
- Ability to work cross-functionally with multiple teams and stakeholders; excellent relationship-building, collaboration, negotiation, and influence skills
- Ability to work in a fast-paced, dynamic environment and adapt to changes

About TikTok
TikTok is the leading destination for short-form mobile video. At TikTok, our mission is to inspire creativity and bring joy. TikTok's global headquarters are in Los Angeles and Singapore, and we also have offices in New York City, London, Dublin, Paris, Berlin, Dubai, Jakarta, Seoul, and Tokyo.


Why Join Us
Inspiring creativity is at the core of TikTok's mission. Our innovative product is built to help people authentically express themselves, discover and connect – and our global, diverse teams make that possible. Together, we create value for our communities, inspire creativity and bring joy - a mission we work towards every day.
We strive to do great things with great people. We lead with curiosity, humility, and a desire to make impact in a rapidly growing tech company. Every challenge is an opportunity to learn and innovate as one team. We're resilient and embrace challenges as they come. By constantly iterating and fostering an ""Always Day 1"" mindset, we achieve meaningful breakthroughs for ourselves, our company, and our users. When we create and grow together, the possibilities are limitless. Join us.

Diversity & Inclusion
TikTok is committed to creating an inclusive space where employees are valued for their skills, experiences, and unique perspectives. Our platform connects people from across the globe and so does our workplace. At TikTok, our mission is to inspire creativity and bring joy. To achieve that goal, we are committed to celebrating our diverse voices and to creating an environment that reflects the many communities we reach. We are passionate about this and hope you are too.


TikTok Accommodation
TikTok is committed to providing reasonable accommodations in our recruitment processes for candidates with disabilities, pregnancy, sincerely held religious beliefs or other reasons protected by applicable laws. If you need assistance or a reasonable accommodation, please reach out to us at https://tinyurl.com/RA-request


Job Information
【For Pay Transparency】Compensation Description (Annually)
The base salary range for this position in the selected city is $108000 - $168000 annually.
Compensation may vary outside of this range depending on a number of factors, including a candidate’s qualifications, skills, competencies and experience, and location. Base pay is one part of the Total Package that is provided to compensate and recognize employees for their work, and this role may be eligible for additional discretionary bonuses/incentives, and restricted stock units.
Benefits may vary depending on the nature of employment and the country work location. Employees have day one access to medical, dental, and vision insurance, a 401(k) savings plan with company match, paid parental leave, short-term and long-term disability coverage, life insurance, wellbeing benefits, among others. Employees also receive 10 paid holidays per year, 10 paid sick days per year and 17 days of Paid Personal Time (prorated upon hire with increasing accruals by tenure).
The Company reserves the right to modify or change these benefits programs at any time, with or without notice.
For Los Angeles County (unincorporated) Candidates:
Qualified applicants with arrest or conviction records will be considered for employment in accordance with all federal, state, and local laws including the Los Angeles County Fair Chance Ordinance for Employers and the California Fair Chance Act. Our company believes that criminal history may have a direct, adverse and negative relationship on the following job duties, potentially resulting in the withdrawal of the conditional offer of employment:
1. Interacting and occasionally having unsupervised contact with internal/external clients and/or colleagues;
2. Appropriately handling and managing confidential information including proprietary and trade secret information and access to information technology systems; and
3. Exercising sound judgment.",https://www.linkedin.com/jobs/view/4442073382/?eBP=CwEAAAGfnz6GlfpckbokQbnAbqhPMdQLAnOpL06ish6Jh0B14HwGKv2CsNQfxSi6Xm2NqaXYvEvLHKsFW5MEizwCjcWP1VB2221SQ9ZyYlaV0h-0b_Y3hJIJIcgwlUFgiAmcZ5IvdK_T6zTR1ugRjqqXKUF_JCbm3aDiAp2QJTjwPJ_9-SN0O_FYRLyMWprSnTlJWdBEng7Uu8rZ7Si-5rH0fKkzR3a7K1NOUQpuYYjFZQKYBAlzR1Y6mxivVd6F_t5s-4lzwftUUAyfWVxbOUmZ05TZnKHBzDC6DL_g-iS4nHEpO4MZFf6fSKFd5CcnAqY9d9SwhY_xolwHCu5ozsSneH64safgoblh3CZ068r0RI4iLDf1G43vVFu3RnS2p0wU4EL_nhl_mYwDYMP-CtUsBJHCadsJiguMfVSuaWkxEd993dkJK-S1O3fKCKiUhk8qHgqA8TobAw1d_slKui0MaRyv31TTSJ_6PdojeQE&refId=4UwZpI6sUNEzorNn45Rqow%3D%3D&trackingId=OWKahg6GRF2aIIZO20N2uw%3D%3D&trk=flagship3_search_srp_jobs,Business Analyst
Business Analyst (Remote),CareFirst BlueCross BlueShield,"Baltimore, MD (On-site)","About the job

Resp & Qualifications

PURPOSE: 

The Business Analyst will have the responsibility to ensure that the business's need for changes to processes, policies and/or information systems are identified, understood, defined, documented and acted upon by eliciting, analyzing, documenting, validating, specifying and verifying the needs of business or user. The incumbent assists in the gathering and synthesizing of business requirements for low complexity software, systems, processes and/or services and translates them into specifications ensuring the business objectives are met. As the functional expert, the incumbent serves as the conduit between the business area and the technical or software development team through which requirements flow.

Essential Functions


Interpret business needs and issues by gathering, eliciting, analyzing, documenting and validating the Business area?s user and technical (functional/non-functional) requirements. Under the direction of a Lead or Senior Business Analyst, participates in the creation of requirements documentation. Collaborates in the creation of project plans to define, organize and schedule requirements management and development activities. Participates in requirements analysis and verification sessions. Participates in the tracking and management of open issues and assists in planning for resolution. Participates in development sessions and design reviews in order to ensure design meets user requirements.
Responsible for the overall success of user acceptance testing, including documentation, verification and release. Implements practices and procedures for end user test plans. Identifies and documents gaps in requirement adherence or system deficiencies/defects and coordinates appropriate action through issue resolution. Providing guidance and training to application end users. 
Identifies, documents and troubleshoots problems in systems, software and processes. Collaborate with appropriate stakeholders to monitor, report and resolve issues. Participates in the development of solutions and workarounds that solve low complexity technical, system and/or business issues. 
Reviews, analyzes and creates detailed documentation of business systems and user needs. Responsible for the written documentation of requirements in a clear and well organized manner. Develops and/or collaborates in key project and requirement deliverables for projects of low complexity.
Monitors and reports project status to identify and mitigate risks and to ensure quality and timely deliverables. Coordinates assigned projects from concept through implementation. Prioritize and manage new work requests. 


Qualifications

Education Level: Bachelor's Degree in Business, Information Technology, Computer Science or related field OR in lieu of a Bachelor's degree, an additional 4 years of relevant work experience is required in addition to the required work experience.

Experience: 3 years experience in functional, operational, business, data, systems or testing analysis.

Preferred Qualifications


Demonstrated ability to deliver high quality, effective deliverables on-time and be a valuable contributor to the development of cost-effective solutions. Moderate understanding of business analysis core competencies.
Experience with Facets.
Experience with Government Programs (Medicare, Medicaid, DSNP).


Knowledge, Skills And Abilities (KSAs)


Strong time-management and organizational skill.
Excellent communication skills both written and verbal.
Ability to organize stakeholder meetings.
Microsoft Office applications usage.
Must be able to meet established deadlines and handle multiple customer service demands from internal and external customers, within set expectations for service excellence. Must be able to effectively communicate and provide positive customer service to every internal and external customer, including customers who may be demanding or otherwise challenging.


Salary Range: $60,840 - $120,835

Salary Range Disclaimer

The disclosed range estimate has not been adjusted for the applicable geographic differential associated with the location at which the work is being performed. This compensation range is specific and considers factors such as (but not limited to) the scope and responsibilities of the position, the candidate's work experience, education/training, internal peer equity, and market and business consideration. It is not typical for an individual to be hired at the top of the range, as compensation decisions depend on each case's facts and circumstances, including but not limited to experience, internal equity, and location. In addition to your compensation, CareFirst offers a comprehensive benefits package, various incentive programs/plans, and 401k contribution programs/plans (all benefits/incentives are subject to eligibility requirements).

Equal Employment Opportunity

CareFirst BlueCross BlueShield is an Equal Opportunity (EEO) employer. It is the policy of the Company to provide equal employment opportunities to all qualified applicants without regard to race, color, religion, sex, sexual orientation, gender identity, national origin, age, protected veteran or disabled status, or genetic information.

Federal Disc/Physical Demand

Note: The incumbent is required to immediately disclose any debarment, exclusion, or other event that makes him/her ineligible to perform work directly or indirectly on Federal health care programs.

Physical Demands

The associate is primarily seated while performing the duties of the position. Occasional walking or standing is required. The hands are regularly used to write, type, key and handle or feel small controls and objects. The associate must frequently talk and hear. Weights up to 25 pounds are occasionally lifted.

Sponsorship in US

Must be eligible to work in the U.S. without Sponsorship",https://www.linkedin.com/jobs/view/4432818614/?eBP=CwEAAAGfnz6GlXC0BPMzJlvtV-Njk5IqgyYWL_MZ8k53TAr933Pp4td74H0uX3o9Btn01wAy0R3hs_emzyjs_oO2ETRoJeBJwLE2_o0RGthB6tZFgO6BwaUg_E6VUpBLuBTRsz58xIxD1BIsCrsP44629RHIE22cOCLP8k7jJbeIpDuEmi22BPPMnONCV64Od0SgjmAKuvUhUT0PQMbJ-eXq7VTRBedZtZtSHocGep8hLXWm0JJOT8zkeNNkXjAs7qDiB_ejIs1Il5iPtqxvmL-uF9gQJ-kz5TCcJwKrt-xvFkds1VhhHpcFoiy1R8hD2EbFGhR4otCymLS02-0vKkyUeAy7TyDKJBn7NCX4Wpx5w7qeypV5gAySvzsdWHkarPUzazhIahZPFtyjwTGJtZd7eC7PxCkGtCCWpJrLTNXGe1SCmvWBB7nUYlDX1dNnWM57spXKVzWvqqFetuP7f6mLfV2PpdvXG6AN6lVD&refId=4UwZpI6sUNEzorNn45Rqow%3D%3D&trackingId=dN2w9Gh35pbBZUWgGnIjGQ%3D%3D&trk=flagship3_search_srp_jobs,Business Analyst
"Expert Opportunity - Healthcare Strategy Analyst ($100/hr, up to $2,000/week)",Ethos,"New York, NY (Remote)","About the job

About This Opportunity

We're working with a leading foundational AI lab to find experienced healthcare strategy analysts who can help train their latest language model on professional presentation and slide deck tasks.

We're looking for healthcare strategy analysts with 3+ years in healthcare or life sciences strategy consulting to create, evaluate, and refine AI-generated presentations and slide decks across core workflows: commercial due diligence decks for healthcare assets, hospital and payer strategy presentations, pipeline assessment exhibits, and health system transformation materials.

Compensation: $100/hour

Commitment: Flexible, 5-20 hours per week (or more if desired)

Location: Fully remote, work on your own schedule

Start date: ASAP

Qualifications


 3+ years in healthcare or life sciences strategy consulting
 Deep expertise in healthcare data exhibits and clinically-informed storylines
 Expert-level PowerPoint and slide craftsmanship, with excellent written communication and attention to detail


About Ethos

Ethos is a new expert network built by a McKinsey/SoftBank/DeepMind team and backed by world-leading investors like General Catalyst. We connect experts with investors and consultancies for paid expert calls, speaking engagements, and advisory opportunities.

Key Requirements


3+ years in healthcare or life sciences strategy consulting
Deep expertise in healthcare data exhibits and clinically-informed storylines
Expert-level PowerPoint and slide craftsmanship, with excellent written communication and attention to detail",https://www.linkedin.com/jobs/view/4441438186/?eBP=CwEAAAGfnz6GlWZUq12HzC9lfgel49iOeKv_tHEZYiADug5yTBEPQSaY4k6QFaqQT8fInjo0LQkgjQo0Cwsf9lJ8ZFqNpuOsWtOM9CGJSI8fQeGpiU21BENdPa_41LnuTPVUt8a4DFlg82p8eqM84NqJrCNIn9jC3B7ERc77pAuPc2cQeFi1KNNdrz2vyPLVAymqMjp19cRTv5Y7rD0aYsJy_ayJVnDtz6cixgIakosA1zvlKqUmx7mgB43tVoYOBdrdBHr1KyMCAdJ91KVR9dURLUcby3APq7AdH9QFaBrQrISQmWm4e-ubnkH660Fo0MOTFLI85VVwfvfsEhM0jOu9XFIl3LwuN9xrySvcZwc-2DvELxMWkEbXmmcv7hIbs40mNMrcwP6dS3sdjnlypFcOe0B5eMF4uR58QRs9yQTakTCQuQLhDfMrTXVaQxRQBFTOe5_-Qfrne80Y1LYlzbKRQGyvhgqxgrVIMX0hrGI&refId=4UwZpI6sUNEzorNn45Rqow%3D%3D&trackingId=cwR5xFdxHfjuRB8iKKCeYA%3D%3D&trk=flagship3_search_srp_jobs,Business Analyst
"Business Analyst, Operations Analytics",Spring Health,United States (Remote),"About the job

Our mission: eliminating every barrier to mental health.

Spring Health is a global mental health company on a mission to eliminate every barrier to mental health. We're building a world where getting support is simple, personal, and built around the person, so care can continue through every job, move, health plan, and life stage.

Our AI-native platform helps us deliver personalized support across self-guided tools, coaching, therapy, medication management, and specialty care. With outcomes independently validated by JAMA Network Open and the Validation Institute, Spring Health reaches more than 170 million people worldwide through leading employers, health plans, and partners.

As an AI-native company, we believe technology should expand the reach, quality, and humanity of care. Every Spring Health team member is expected to use AI tools thoughtfully, apply human judgment to AI outputs, and keep building AI fluency in ways that support their role and our mission.

Reporting to the Director of Operations Analytics & Workforce Optimization, the Business Analyst, Operations Analytics will drive the strategic analytics work for cross-cutting, operations-wide priorities—some of the most critical initiatives in the department. This role sits on the Operations Analytics team within Operations Intelligence and will serve as a high-leverage analytics partner to Operations leadership, helping define what “good” looks like, how we measure it, and how we improve it. This is a full time, fully-remote position, though the ability to be onsite in our NYC office once a week is preferred.

What You’ll Do

This role will have two primary categories of work:

Strategic Analytics For Ops-wide Initiatives


Provide the strategic analytics horsepower for major, cross-functional Operations initiatives (e.g., AI transformation efforts) by framing ambiguous problems, identifying decision-critical metrics, and driving analyses that directly shape strategy and execution.
Translate complex analytics into clear, actionable recommendations for Operations leadership, leveraging AI functionality wherever possible to reduce time-to-insight and increase actionability. 
Build decision-ready narratives for exec audiences: clear problem statements, crisp insights, quantified tradeoffs, and recommended actions. 
Partner cross-functionally (Operations leaders, BI, Product, and other stakeholders) to ensure analytics work is connected to real operational levers and adopted in day-to-day decision-making.



Ops-wide analytics + performance measurement foundation 


Own the creation of core data and reporting groundwork that ensures Operations understands what should be measured, how it’s measured, and how we’re performing. 
Deliver foundational assets such as:
An Operations-wide metrics dictionary (definitions, logic, ownership, refresh cadence, caveats).
Recurring Operations performance packages that surface the most critical business metrics and trends. 
Metric trees that enable faster, more systematic root-cause analysis when performance shifts. 
Partner closely with leaders across each Operations department and BI partners to align on metric definitions, ensure data quality, and maintain scalable reporting.

What Success Looks Like


Clarity and alignment: Operations leadership has shared definitions for key metrics and trusts the measurement system (fewer “metric debates,” more decision velocity).
Adoption: Operations leaders consistently use the reporting foundation and metric trees in business reviews and in-week decision-making. 
Automation leverage: Reduction in manual recurring reporting hours for priority metrics as reporting becomes more durable and self-serve. 
Time-to-insight: Reduced cycle time from “question raised” → “decision-ready output,” particularly for exec-facing requests. 
Impact on outcomes: Measurable lift in priority Operations KPIs attributable to initiatives this role supports (improved SLA, quality, efficiency, satisfaction, cost outcomes, etc., depending on initiative). 
Internal partner satisfaction: Ops leaders view you as a trusted strategic partner, not just an analytics provider.



What You’ll Bring


Bachelor’s degree in Business, Economics, Engineering, or a similar analytical field; Master’s degree preferred. 
2-4+ years experience in business strategy/analytics or a related role (e.g., consulting, tech, finance), with a track record of driving analytics work that shapes leadership decisions. 
Strong command of data and visualization tools (e.g., SQL, Looker, Hex), and experience building scalable reporting or analytical frameworks. 
Demonstrated ability to partner with senior stakeholders, drive alignment across teams, and move ambiguous workstreams from problem → insight → action. 
Excellent communication and storytelling skills; can synthesize complex analysis into crisp, executive-ready narratives. 
A builder’s mindset: comfortable establishing frameworks, processes, and standards in a scaling environment.



The target base salary range for this position is $106,500-$118,000, and is part of a competitive total rewards package including benefits. Individual pay may vary from the target range and is determined by a number of factors including experience, location, internal pay equity, and other relevant business considerations. We review all employee pay and compensation programs annually using Radford Global Compensation Database at minimum to ensure competitive and fair pay.

Benefits Provided By Spring Health

Note: We have even more benefits than listed here and below, your recruiter will provide more in-depth information as you continue in the interview process. Benefits are subject to individual plan requirements and eligibility criteria.


Health, Dental, Vision benefits start on your first day at Spring. You and your dependents also receive access to One Medical accounts HSA and FSA plans are also available, with Spring contributing up to $1K for HSAs, depending on your plan type.
Employer sponsored 401(k) match of up to 2% for retirement planning
A yearly allotment of no cost visits to the Spring Health network of therapists, coaches, and medication management providers for you and your dependents.
We offer competitive paid time off policies including vacation, sick leave and company holidays.
At 6 months tenure with Spring, we offer parental leave of 18 weeks for birthing parents and 16 weeks for non-birthing parents.
Access to Noom, a weight management program—based in psychology, that’s tailored to your unique needs and goals. 
Access to fertility care support through Carrot, in addition to $4,000 reimbursement for related fertility expenses.
Access to Wellhub, which connects employees to the best options for fitness, mindfulness, nutrition, and sleep in one subscription
Access to BrightHorizons, which provides sponsored child care, back-up care, and elder care
Up to $1,000 Professional Development Reimbursement a year.
$200 per year donation matching to support your favorite causes.



Not sure if you meet every requirement? Research shows that women and people from historically underrepresented communities often hesitate to apply for roles unless they meet every qualification compared to other similarly-qualified candidates. At Spring Health, we are committed to fostering a workplace where everyone feels valued, empowered, and supported to Thrive. If this role excites you, we encourage you to apply.

Our privacy policy: https://springhealth.com/privacy-policy/

Spring Health is proud to be an equal opportunity employer. We do not discriminate in hiring or any employment decision based on race, color, religion, national origin, age, sex, marital status, ancestry, disability, genetic information, veteran status, gender identity or expression, sexual orientation, pregnancy, or other applicable legally protected characteristic. We also consider qualified applicants regardless of criminal histories, consistent with applicable legal requirements. Spring Health is also committed to providing reasonable accommodations for qualified individuals with disabilities and disabled veterans. If you have a disability or special need that requires accommodation, please let us know.",https://www.linkedin.com/jobs/view/4431982064/?eBP=CwEAAAGfnz6GlbOZg1ytr0pGOn76XL4Cs1c41pkcOsDHXXChmEp7neG4AfKJe4xdpRCKoKYps7Q7o7gAYTXOeFdrBDS_xNGiBUspC7Qb0YeWD3PdXVwLw6p9VoINxMdiF3y8rS2E1dqcldxQgexn46vRwmrNEgVBN154smBybnlXBFOuHlrlz5YJqUqPAzzznmLxcwU7TInreRUcWJdmc9U8egBSFR7Jfi5yGpqoR7PCQJCyWUeuFaMY2PDRKBS6hciUb_Fjmduttl8UWS_bbxI_8H_uxCjyWzHdJ73g037tFLrLmWiiRUzrnUjS963p1QpHlvRZhiFUPFHkETUw4ASXd6aabnR3tZuXA0A1krg3lavs4lrQtMnew5MPPvFi-2Rk_ZmoSJgl6fSIT-2I8EAbY0UhiVEJ_1s9hWHXpqv71hgFsjI8MwUBR7cMbS41aQmzqrKAFVmssMXRob5dPqfSCgUMW4Egm0oFBi-Zf7lwl1b7PGM&refId=4UwZpI6sUNEzorNn45Rqow%3D%3D&trackingId=pugcNj1uQ%2BXf17qDKxJ0qQ%3D%3D&trk=flagship3_search_srp_jobs,Business Analyst
Junior Business Analyst,IntePros,"Philadelphia, PA (Hybrid)","About the job

Junior Business Analyst (Entry-Level)

Location: Hybrid – Onsite 3x/week




We are seeking a highly motivated Junior Business Analyst to join a collaborative and fast-paced team environment. This is an excellent opportunity for recent graduates or early-career professionals looking to build a strong foundation in business analysis, technology, and process improvement.




This role is ideal for someone who is analytical, detail-oriented, and eager to learn, with strong communication skills and the ability to work effectively across teams.




Key Responsibilities

Partner with stakeholders to gather, analyze, and document business requirements
Assist in defining project scope, objectives, and functional specifications based on user needs and business processes
Support process improvement initiatives, identifying inefficiencies and recommending data-driven solutions
Conduct research and analysis to evaluate business problems and their relationship to technology solutions
Contribute to the development of project proposals, including problem definition, solution evaluation, and cost/benefit analysis
Prepare documentation such as reports, process flows, and models to support decision-making
Collaborate cross-functionally to ensure alignment and successful delivery of initiatives
Provide ongoing analytical and technical support to the team




Qualifications

Bachelor’s degree in Business, Technology, or a related field (or equivalent experience)
Strong analytical thinking and problem-solving skills
Excellent communication and interpersonal skills
Ability to work both independently and within a team environment
Highly trainable, adaptable, and eager to grow within the role




Preferred (Not Required)

Exposure to or experience with:
Business Analysis or requirements gathering
SQL or data analysis
UX/UI concepts or tools such as Figma
Visual Studio or technical development environments
General understanding of how technology supports business operations




What We’re Looking For

A team-first mindset with strong collaboration skills
Intellectual curiosity and a desire to continuously learn and improve
Ability to translate business needs into clear, actionable requirements
Comfort working under general supervision in a dynamic environment




This is a great opportunity to gain hands-on experience, work alongside experienced professionals, and grow within a high-impact, career-building role.




#LI-AL1",https://www.linkedin.com/jobs/view/4437844475/?eBP=CwEAAAGfnz6GlUN2OYNvt8IvseTLru4PXoxgcA29_E90yUuu6AY9fm3tfxN2oRM9AgJLQhy6RWFYk-Ku1rBaoBQeFgtAj6LzCZ9mqojUl473RB2sdNJJMmIZcJe1ESabDbBPkueBcG5L2mZAozhlnZ4m7QmVkiZ48ygv3tJVthq1nMKhSwphjEpqWWUln-1a42mH0uV_DA5LwMOihP392jgfKbXSPz4XmI5K9VOoFPvWlaUmUwsKMyiCgOWT0kmh7K-y7ezsTZzSVrMBBwNDKLDiRJak59dD3QjIH7-5lLGQRehXUfy6OsJCLdAxkF4XZUYjeqR2RD48xn0CPZ6yiZgLA-jpiHrcSnHDv6T5TaLep2ZgZeFi9yGLwrPp6zz91uTgY3puV0Mv-20DsQzn6wZv71tVnYPmRTqy0PZ-sCNXdSYAtHcFJH1_4u6WZxXRgMdhJ8yo5paCSD9li5D79viJR-IjBVw47m6hTxIlR_zUnA&refId=4UwZpI6sUNEzorNn45Rqow%3D%3D&trackingId=ufpG5Q9vp5LEkDF1VqjGmQ%3D%3D&trk=flagship3_search_srp_jobs,Business Analyst
"Healthcare Strategy Analyst, Corporate Strategy, FT, 8:30A-5P",Baptist Health,"Coral Gables, FL (On-site)","About the job

Baptist Health is the region's largest not-for-profit healthcare organization, with 12 hospitals, over 29,000 employees, 4,500 physicians and 200 outpatient centers, urgent care facilities and physician practices across Miami-Dade, Monroe, Broward and Palm Beach counties. With internationally renowned centers of excellence in cancer, cardiovascular care, orthopedics and sports medicine, and neurosciences, Baptist Health is supported by philanthropy and driven by its faith-based mission of medical excellence. For 26 years, we've been named one of Fortune's 100 Best Companies to Work For, and in the 2025-2026 U.S. News & World Report Best Hospital Rankings, Baptist Health was the most awarded healthcare system in South Florida, earning 63 high-performing honors.

What truly sets us apart is our people. At Baptist Health, we create personal connections with our colleagues that go beyond the workplace, and we form meaningful relationships with patients and their families that extend beyond delivering care. Many of us have walked in our patients' shoes ourselves and that shared experience fuels out commitment to compassion and quality. Our culture is rooted in purpose, and every team member plays a part in making a positive impact – because when it comes to caring for people, we're all in.

Benefits

At Baptist Health, we’re committed to supporting our employees at every stage of their journey, both personally and professionally. Our approach is rooted in a “grow our own” philosophy, designed to help our team members build meaningful, long-term careers with us, supported by benefits that make a real difference, including:


Career growth and development opportunities, with clear pathways and ongoing support
Comprehensive health and wellness resources that go beyond traditional benefits
A wellness program that can help employees eliminate their medical plan deductible, reducing out-of-pocket healthcare costs
Tuition reimbursement to support continued learning and advancement
And so much more 


Together, these benefits and others reflect our commitment to caring for our people, so they can build fulfilling careers with us while making a meaningful impact every day.

Description

The Healthcare Strategy Analyst serves an important role in the strategic framework development for Baptist Health South Florida, supporting enterprise strategy, analytics, and research. Works collaboratively in a team-based environment, is the analytic lead in the assessment and understating of internal business dynamics, external market drivers, and the quantification of current offerings and future opportunities. Develops, maintains and updates utilization, capacity and competitive databases to improve decision-making. Responsible for data mining, including collecting and synthesizing information from a variety of sources,routine ad hoc reporting, interpreting findings, and tracking performance. Assists with the development and monitoring of business plans, operational improvement initiatives, and financial analysis spanning the current and future continuum of service offerings and markets across South Florida. Maintains databases and software applications to ensure data accuracy, analytic integrity, and reporting validity. Estimated salary range for this position is $71940.93 - $93523.21 / year depending on experience.

Qualifications

Degrees:


Bachelors.


Additional Qualifications


Bachelor‘s degree in Business, Finance, Health Services Administration, Economics, Mathematics, or Statistics required.
 Three years of quantitative analytic experience required, healthcare consulting, market research and analysis, or financial analysis preferred.
 A Masters‘ Degree in Business Administration or Health Services Administration is preferred, and may be substituted for experience.
 Experience with Microsoft Office Suite required.
 Advanced knowledge of Microsoft Excel or Access preferred.
 Advanced data analytic skills to impact key business decisions required.
 Experience in using business intelligence, competitive analyses, forecasting and visualization/mapping tools a plus, including Tableau, Premier, Advisory, SG2 or Diveport.
 Highly motivated, detail-oriented complex problem solver, with an ability to manage multiple initiatives simultaneously.
 Exceptionally strong interpersonal, written and verbal communication skills required.
 Some experience in organizational design, functional and business process design and improvement preferred.


Minimum Required Experience: 3 Years

EOE, including disability/vets",https://www.linkedin.com/jobs/view/4434041241/?eBP=CwEAAAGfnz6Glcabe3qBeI5VA43XAiCM68gmU_BbFHB8dbR9IxEB_Xmo7jZj4_KYqF2LHB0OPho2zognU6U3YO71mJNrs1ffXApyjCNJLF3p4aSgUtQV2FyAMdQ0ZOGei8gg9CWxKdcmgghNWreJpyHH2e0e8ro03HcQm9FGPTaVnnA9qbrL_ICc-Vxm9PS8JmcgXQq0Q-5K2AKDXOUK7y1y0YXAV6h7EojHv69JEq1bNne1QkizZteENh0QS4wo0sxQq8C7I3ylnrw4DrTnoG0djPhthDrhgDj9lh7uWE_cjA1guI_P7Vbuq_-MQOQoPMHzFIk8EY9fKUxkM6OSjc9AqNIT8S4Y4-FAfp9NVZ54Bj8_WuN7-dZ84xCZARYjakjPjOGWN9hFNuPU-wnFTvjASP0tqxvEkxQQm7lkyJRcZQmnBU8UVFeiV6_C8ytxgSob_X3A&refId=4UwZpI6sUNEzorNn45Rqow%3D%3D&trackingId=P0PkxD7%2FOExxQxOmxe%2FsEA%3D%3D&trk=flagship3_search_srp_jobs,Business Analyst
Strategy Analyst,Bambee,"Glendale, CA (On-site)","About the job

About Us

Bambee is an HR tech company providing HR services to small and medium-sized businesses. We're committed to delivering high-quality HR solutions and exceptional customer service. We give small business owners a Dedicated HR Manager plus software for policies, handbooks, terminations, performance management, and compliance.

You'll work directly with the CEO and senior leadership on high-stakes strategic decisions — translating company strategy into materials for investors, partners, and other external stakeholders.




What you'll do:

Partner with the CEO and senior leadership to translate company strategy into external-facing materials
Develop narratives that position Bambee's business model, market opportunity, and competitive advantage to external audiences
Build management presentations that communicate strategy, performance, and vision to investors and other stakeholders
Support high-stakes external communications and materials organization
Coordinate press positioning and external communications strategy
Support continuity planning and stakeholder communications during major company initiatives




What we're looking for:

Analytical thinking

You model before you decide. You can hold multiple variables at once and see how they interact.
You're comfortable in SQL, Sheets, and analytics tools. You can pull your own data and validate other people's claims.
You know the difference between correlation and causation, between a vanity metric and a metric that actually predicts behavior.

Writing and narrative

You write sharp, compelling narratives — management presentations, investor materials, or other high-stakes documents. You know how to tell a story that lands.
You can take complex data and translate it into clear, persuasive positioning for external audiences.
You've worked with investors, bankers, or board members. You understand how they think and what they need to hear.

Operator mindset

You've worked on cross-functional teams and shipped something. You understand what execution costs. You don't confuse ambition with strategy.
You ask ""Is this the bottleneck?"" and ""What do we need to unblock this?"" You're equally comfortable in a whiteboard session and in the weeds of a quarterly plan.
You push back on bad logic. You're direct about it, but you're kind.

Communication

You write clean narratives. You can take a complex analysis and make it understandable to a busy CEO without losing nuance.
You're comfortable presenting to leadership and customers. You don't hide bad news. You lead with what's wrong first.
You listen. You ask questions before you recommend.

Product sense

You use software like a user. You notice flows, friction, delight. You think about the whole experience.
You understand small business. You get that our customers have 10 people, not 10,000. Their problems are different.
You care about getting HR right. You don't need to be an HR expert, but you care about the domain.

Intellectual humility

You change your mind when evidence suggests you should. You're genuinely interested in being wrong if it means finding the right answer.
You know what you don't know. You ask for help. You don't pretend to have opinions on topics you haven't researched.




Our culture:

You'll fit here if you believe problems are fixable and move fast without lowering standards. We value hard work, rolling up your sleeves, and being efficient with your time.

Who we are:

We foster a collaborative and inclusive work environment where innovation, teamwork, and growth are valued. We believe in hard work, rolling up our sleeves, efficient communicators, and kind, transparent professionals. Ranked by Inc. Magazine as one of the fastest-growing private companies in America in 2023.




Interview process: Three conversations + a writing case. Decision in two weeks.

Compensation: $80,000 - 120,000 + equity. Onsite · Glendale, California.",https://www.linkedin.com/jobs/view/4442227503/?eBP=CwEAAAGfnz6Gla87D3qm8YQDCiTBXc_y4fci4WjcEnZYvp506s5Eezo91oAX7yZruCdF-gce_sFYMcDpxccumLOdKNsmnV3Lxmx8CindIePhP64L3i1VmdaPEeKcXf3pWzMQefH25mCdDmTTFh6G_WVM1DwI2_8dlhLSRAtQz9I7DaNagnm1zUNq80An9mBUxSX-Ovl3-GoD9FNrLG2t-_NzNs69DcNX4N3A-j4AIECLMVi2uInhll5NPEOgUxdhrq8XegeZCm_Hg6noXa3OAfQgRfTJZ8WioxwCWoUGiTwyXR2kFuxiz6wg7DUmOpXoHS7ecjz4t4Hq_GEtAggd1A3H1gZeGbLwg_kjiV7hIh_jCaRg2ibj6SeBrjzHq11M58ZLWMdwOztE1Db53C8WldrgNNRZR73KuqupqHRas_RPcNjpehIrA0oEsz0uORt4T7QC28dOPi3TjixgTMUMSZ9GW533kA4COOM&refId=4UwZpI6sUNEzorNn45Rqow%3D%3D&trackingId=fIS3BK2oSMyNNtSE1U7cWg%3D%3D&trk=flagship3_search_srp_jobs,Business Analyst
Program Business Analyst,Kelly,"West Chester, PA (Hybrid)","About the job

At Kelly®, we’re passionate about helping you find a job that works for you. How about this one? We’re seeking a Program Business Analyst to work at a premier client, Depuy Synthes, in West Chester, PA. With us, it’s all about finding the job that’s just right.




Salary/Pay Rate/Compensation: $32-$35/hour (depending on experience)

Shift: Monday-Friday, 8am-5pm

Location: Hybrid in West Chester, PA (3 days onsite, 3 days WFH)

Benefits: Med/Den/Vis,401(K), PTO, and Paid Holidays




Why you should apply to be a Program Business Analyst:

• Join a leading MedTech company known for innovation and excellence in healthcare solutions.

• Opportunity to work in a collaborative environment with cross-functional teams and stakeholders.

• Engage in meaningful projects that directly impact operational effectiveness and process improvements.

• Benefit from a culture that values professional development and continuous learning.




What’s a typical day as a Program Business Analyst? You’ll be:

• Providing business process and system support to end-users within the J&J MedTech business and healthcare professionals for various systems, following internal escalation procedures.

• Supporting Business Process Owner initiatives by analyzing operational effectiveness and identifying process improvement opportunities.

• Performing complex business root cause analysis to troubleshoot across various platforms while tracking and supporting break/fix or enhancements from intake through deployment.

• Monitor and maintain system data, conduct quarterly audits, and perform data analysis.

• Assist with user and approval configuration setup across various platforms.

• Act as the liaison between support teams and the MedTech business supporting User Acceptance Testing, and production environment verification activities.

• Collect, document, and maintain business requirements and process flows to support system enhancements, project initiatives, and operational improvements.

• Ability to build effective internal and external relationships and collaborate with cross-functional business and technical stakeholders.

• Demonstrate high proficiency in Microsoft Excel to support data analytics and reporting needs.

• Prepare and deliver detailed reports, documents, and presentations to communicate findings and insights to management and relevant teams.




This job might be an outstanding fit if you:

• Hold a Bachelor’s degree in Business Administration or a related field (equivalent combinations of education and relevant experience will be considered).

• Have 2-4 years of experience in business analysis, business systems support, or operations support.

• Possess strong analytical and problem-solving skills with the ability to perform root cause analysis.

• Experience preferred in any of the following areas: Supporting enterprise business applications, managing system related issues through resolution, business process analysis, business system administration.

• Experience with Visio, Power BI, Jira, ServiceNow or similar tools preferred

• MS Office Suite proficiency required, including (Word, Excel, PowerPoint, and Outlook)

• Strong written and verbal communication skills

• Strong attention to detail, organizational skills, commitment to data accuracy

• Ability to manage multiple priorities and work independently in a fast-paced environment




What happens next

Once you apply, you’ll proceed to next steps if your skills and experience look like a good fit. But don’t worry—even if this position doesn’t work out, you’re still in our network. That means all of our recruiters will have access to your profile, expanding your opportunities even more.




Helping you discover what’s next in your career is what we’re all about, so let’s get to work. Apply to be a Program Business Analyst today!

#GRACE",https://www.linkedin.com/jobs/view/4437325546/?eBP=CwEAAAGfnz6GlZb4nUF4mSEg6iaztJNyt7Fh3hnyI2sru2m_49iXuguxfIaRw0Ia79WWqBoPqttwYzqq0Re3hOXE4sdfKMAsOQllWa6klYtRX8RxHQy1YrKdRPtnt1Eni3M8-5XvXjhs7_T_2Zjpetkm1x2FrMHogXhljUVyApBCxFp80LTbz4PUGHU3W9QFwq-aXVKG2f41OJDaMNZzttOwFjiRnhAqGtrXvz5s1pg733IinFAJGGK8cgePrEa5ptvX6rO8wtGGS73opd7WRWcOmMvglAWUXyF6AOawitQApb-ZlFVJTAUWYsh99ZDMARXSLZ_ywLNb2leBlqrPovEXlC2frkWG6IchDQPgKUyALmMuRCV0oFzd1_YZ2JUPNHL90rizT_8cIKjRMHUNEYsnxFlG_etm-__xI84xX-saw5iQc_HU86nopOfJCsVNWfBmuf0wqZd1fkMleBzS0ql87t2lOy5A4cd-KdUUQgMRp3TZ&refId=4UwZpI6sUNEzorNn45Rqow%3D%3D&trackingId=%2BZmDaSfmSivbzofrIBdzqA%3D%3D&trk=flagship3_search_srp_jobs,Business Analyst
Business Analyst,Paramount,"Los Angeles, CA (On-site)","About the job

#WeAreParamount on a mission to unleash the power of content… you in?

We’ve got the brands, we’ve got the stars, we’ve got the power to achieve our mission to entertain the planet – now all we’re missing is… YOU! Becoming a part of Paramount means joining a team of passionate people who not only recognize the power of content but also enjoy a touch of fun and uniqueness. Together, we co-create moments that matter – both for our audiences and our employees – and aim to leave a positive mark on culture.

Overview:

Paramount is seeking a Business Analyst to join our Product Design & Development team, reporting to the Product Lead. This team sits under the HR Product team, whose focus is to optimize the digital ecosystem that powers all HR processes and drives strategic operational change across the company. The Product Design & Development team is primarily dedicated to designing, building, and scaling AI-driven tools, automations, and solutions that enhance efficiency, improve decision-making, and deliver elevated experiences to our employees and internal stakeholders — thoughtfully applying AI to pain points and growth opportunities to streamline operations and empower our organization through intelligent automation and enablement. Our goal is to solve complex business problems, design innovative solutions, and transform the way we deliver HR Operations across all functions. Our ideal candidate is great at communication, highly organized, detail-oriented, a critical thinker, self-motivated, and driven to learn.

Responsibilities include, but are not limited to:


Manage relationships with enterprise customers, help to gather and translate business requirements into solutions that leverage automation and AI, and support training and change management. 
Serve as the primary front-end support for internal customers, addressing questions, troubleshooting issues, and guiding stakeholders through processes and products. 
Help conduct user training sessions, develop user guides and process maps, and support change management activities to drive and track adoption
Help to test and validate business requirements by working closely with the product lead, end users, and the technical teams. 
Experience with training and change management initiatives to maximize usability and empower our stakeholders with tools, solutions, and processes that drive operational excellence. 
Help analyze operational feedback and assist with identifying opportunities for enhancements by recommending system changes, UI/UX improvements, and workflow optimizations. 
Help maintain a standardized, scalable, and user-friendly experience across the HR product ecosystem. 


Basic Qualifications:


2+ years of experience in business analysis, HR systems, enterprise systems, or digital transformation. 
Bachelor’s degree in a related field required. 


Additional Qualifications:


Strong understanding of HR processes and systems across functions like Compensation, Talent Acquisition, Learning & Development, and HR Operations. 
Experience with platforms such as Microsoft 365 suite, Salesforce, ServiceNow, Slack, Asana, etc. 
Exceptional written and verbal communication skills; deliver clear documentation, process mapping, and training material. 
Familiarity with gathering requirements, drafting user stories, documenting business processes, and supporting cross-functional technical projects. 
Strong critical thinking and problem-solving skills, and ability to explain complex processes simply. 
Highly organized with the ability to manage multiple tasks, adapt to shifting priorities, and operate effectively in a fast-paced environment. 
Demonstrated ability to build strong relationships with stakeholders at all levels and empathize with users to uncover needs and improve experiences. 


Paramount Skydance Corporation (NASDAQ: PSKY) is a leading global media and entertainment company that creates premium content and experiences for audiences worldwide. Driven by iconic studios, networks and streaming services, Paramount's portfolio of consumer brands includes CBS, Showtime Networks, Paramount Pictures, Nickelodeon, MTV, Comedy Central, BET, Paramount+, and Pluto TV, among others. Paramount delivers the largest share of the U.S. television audience and boasts one of the industry's most important and extensive libraries of TV and film titles. In addition to offering innovative streaming services and digital video products, the company provides powerful capabilities in production, distribution and advertising solutions.

Additional Information

Hiring Salary Range: $64,800.00 - 97,200.00.

The hiring salary range for this position applies to New York City, California, Colorado, Washington state, and most other geographies. Starting pay for the successful applicant depends on a variety of job-related factors, including but not limited to geographic location, market demands, experience, training, and education. The benefits available for this position include medical, dental, vision, 401(k) plan, life insurance coverage, disability benefits, tuition assistance program and PTO or, if applicable, as otherwise dictated by the appropriate Collective Bargaining Agreement.

What We Offer:


Attractive compensation and comprehensive benefits packages. Check out our full list of benefits here: https://www.paramount.com/careers/benefits
Generous paid time off. 
An exciting and fulfilling opportunity to be part of one of Paramount’s most dynamic teams. 
Opportunities for both on-site and virtual engagement events. 
Unique opportunities to make meaningful connections and build a vibrant community, both inside and outside the workplace. 
Explore life at Paramount: https://www.paramount.com/careers/life-at-paramount


Paramount is an equal opportunity employer (EOE) including disability/vet.

At Paramount, the spirit of inclusion feeds into everything that we do, on-screen and off. From the programming and movies we create to employee benefits/programs and social impact outreach initiatives, we believe that opportunity, access, resources and rewards should be available to and for the benefit of all. Paramount is proud to be an equal opportunity workplace. We are committed to equal employment opportunity regardless of race, color, ethnicity, ancestry, religion, creed, sex, national origin, sexual orientation, age, citizenship status, marital status, disability, gender identity, gender expression, and Veteran status.

If you are a qualified individual with a disability or a disabled veteran, you may request a reasonable accommodation if you are unable or limited in your ability to use or access https://www.paramount.com/careers as a result of your disability. You can request reasonable accommodations by calling 212.846.5500 or by sending an email to paramountaccommodations@paramount.com. Only messages left for this purpose will be returned.",https://www.linkedin.com/jobs/view/4444784196/?eBP=CwEAAAGfnz6GlfgV4A0c_-AOAlCUdnhPzlxSUwoBuAOrqlZtDWaR3__G8R-L2Itb-Mhp3QUyb0ozJIXniCnuAhjxHKQ46FSLvjHJp43QDrKAbTl8TacLFYXtSR58uAHJnq1OxOxWNT54QikhGVQd-GFWW5cu4gNHDpDmVzOaIz0ZCIRZ2evImNz-eACEJcV87fO_NAh9cQYgbRpqyeGEM9n3dERpUw479sixDPj8XMr2bgzThZN4Z3SlGW9Kp90DQiYvo_rBROdsd0txBT6BD1mSrZkUper4HWs1XNZ3hKwkfe_us6KbVbGmL3cZnlwwusCYXmY-tNbBVCUeKlf8izhwUM9BB4Pnddx2VWp0SR43Nt1RsmkOREM2WylWho4w0pKPd8TWNix3M82hA4yvhUVK_p0Y-288tuiaGquCdMQM0n-00uM3w8bBhGcubZMXKJ1G2Tic0vsO_tXCE3hSG8f8mhKePXf7T2Pn2ZezYKY5S-7G&refId=4UwZpI6sUNEzorNn45Rqow%3D%3D&trackingId=hhE2hm2UpnbWf8HPNu96YQ%3D%3D&trk=flagship3_search_srp_jobs,Business Analyst
Business Analyst I,Prime Healthcare,"Ontario, CA (On-site)","About the job

Overview

Join our team of dedicated professionals who provide services and operational support to award winning hospitals through roles in supply chain, IT and cybersecurity, clinical engineering, capital procurement, medical coding, project management and more. We provide services to clinically excellent community hospitals across the country that are dedicated to ensuring quality, compassionate care for every patient, every time.

Responsibilities

The Business Analyst I reports to the Director of Shared Services and provides comprehensive analytical and data enablement support across multiple business domains and data needs. This role manages and leads multiple concurrent projects while delivering new, data-driven insights that shape strategic business decisions through a blend of technical, analytical, and professional skills. In this capacity, the Business Analyst I develops a working understanding of key business systems and data sources, performs ETL-related activities by extracting data from disparate systems, cleansing, and transforming it as needed, and validating data quality to ensure it is reliable and fit for purpose. The role produces actionable reports, forecasts, and analyses; designs and maintains BI dashboards and metrics to support operational and executive decision-making; and enables automation use cases by preparing and structuring data for repeatable workflows. Additionally, the Business Analyst I supports advanced analytics initiatives by curating datasets suitable for machine learning and AI model consumption, ensuring consistent definitions, governance alignment, and documentation. Strong collaboration and communication skills are essential to partner effectively with cross-functional teams and stakeholders, translate business needs into data requirements, and present clear, well-supported recommendations, including proposing a course of action based on analysis, market knowledge, and measurable outcomes.

Qualifications

 EDUCATION, EXPERIENCE, TRAINING 


 Education & Experience 
 Master’s degree in business analytics, engineering, mathematics, computer science, or related field required. 
 0–2 years of experience (internship, co-op, or professional) in data analysis, reporting, business analysis, or related work preferred. 
 Technical Skills 
 Working knowledge of data analysis and reporting tools: Excel (pivot tables, lookups), and business intelligence tools such as Power BI or Qlik. 
 Proficient writing SQL queries (joins, aggregations, filters) to extract and validate data from relational databases. 
 Exposure to ETL concepts and practices: extracting data from business systems, cleaning/transforming data, validating results, and documenting assumptions/definitions. 
 Basic scripting experience in Python required for data cleaning, analysis, or automation tasks. 
 Familiarity with data quality practices (reconciliation, exception checks, source-to-report validation) and maintaining consistent metrics/definitions. 
 Analytical & Business Skills 
 Ability to analyze complex problems, identify root causes, and recommend practical solutions supported by data. 
 Ability to visualize data and communicate insights through dashboards, scorecards, and clear written summaries. 
 Professional Skills 
 Strong time management and prioritization skills; able to balance competing stakeholders’ needs, manage multiple concurrent requests, and deliver on deadlines. 
 Strong written and verbal communication, critical thinking, and problem-solving skills. 
 High degree of integrity, confidentiality, maturity, tact, and professional ethics; able to collaborate effectively with cross-functional stakeholders. 


 Pay Transparency 

BioMedical Services, Inc. offers competitive compensation and a comprehensive benefits package that provides employees the flexibility to tailor benefits according to their individual needs. Our Total Rewards package includes, but is not limited to, paid time off, a 401K retirement plan, medical, dental, and vision coverage, tuition reimbursement, and many more voluntary benefit options. Benefits may vary based on employment status, i.e. full-time, part-time, per diem or temporary. A reasonable compensation estimate for this role, which includes estimated wages, benefits, and other forms of compensation, is $66,560.00 to $95,680.00 on an annualized basis. The exact starting compensation to be offered will be determined at the time of selecting an applicant for hire, in which a wide range of factors will be considered, including but not limited to, skillset, years of applicable experience, education, credentials and licensure.

 Employment Status 

Full Time

 Shift 

Days

 Equal Employment Opportunity 

We are an Equal Opportunity Employer and do not discriminate against applicants due to veteran status, disability, race, gender, gender identity, sexual orientation, or other protected characteristics. If you need special accommodation for the application process, please contact Human Resources. Know Your Rights: https://www.eeoc.gov/sites/default/files/2022-10/EEOC_KnowYourRights_screen_reader_10_20.pdf

 Privacy Notice 

Privacy Notice for California Applicants: https://www.primehealthcare.com/wp-content/uploads/2024/04/Notice-at-Collection-and-Privacy-Policy-for-California-Job-Applicants.pdf",https://www.linkedin.com/jobs/view/4375446736/?eBP=CwEAAAGfnz6Glkhk4lSKa_PsKMXCLT9ndFk_r3HCg-1DD5Lur7iSpgyGzQ5TJxVdv9iOmUYb2kdaXh9T9CHBZ6WFiDq1lA2Ao0ybUCHNdNuzdvd02qcW_GhGdr7q-olo2jWBEIVfVK0dEftqZm9P07jE4D4eo6UeAdve1BvzdY6xUbVbDV8x7rUw0JuZgZ0vlhB-yacFOLnaRwZa6QDtgdCYMYGtFBkfhvhp6M-cxy02dipTQAc5jLzdMYd4DSKCaCUdDUmnpmXQuCrnxH5HCjz3tjX6BkowqC_v36mckSAMDx0yJnlg2cp_rnenbENz2u3wvz7SDrgmOm7V6tdiE6l45Vl8JP3Z_HjJLBrmh1XWZzIw7pSconmp7ifH7oGF9Ja3lvGoZC19vG62-d_DogL3AbrpYoabtlrZwA2CHUyzqxIulpruO9J1KkavjKcjRgk3Y4pHjzILND8ah284FkA_Fcx0s0aXAkvAiFCNsc21Nw&refId=4UwZpI6sUNEzorNn45Rqow%3D%3D&trackingId=ePlvy2ZNsAk9IEqNDRBdwQ%3D%3D&trk=flagship3_search_srp_jobs,Business Analyst
"Product Strategy Analyst, Data & Analytics",McKesson,"Virginia, United States (Remote)","About the job

McKesson is an impact-driven, Fortune 10 company that touches virtually every aspect of healthcare. We are known for delivering insights, products, and services that make quality care more accessible and affordable. Here, we focus on the health, happiness, and well-being of you and those we serve – we care.

What you do at McKesson matters. We foster a culture where you can grow, make an impact, and are empowered to bring new ideas. Together, we thrive as we shape the future of health for patients, our communities, and our people. If you want to be part of tomorrow’s health today, we want to hear from you.

About The Role

McKesson Medical-Surgical is seeking a Product Strategy Analyst to support the development, optimization, and lifecycle management of data, analytics, automation, and AI-enabled products. In this role, you will help identify opportunities to create business value through data products, drive stakeholder engagement, evaluate product performance, and support product strategy initiatives from concept through adoption.

Reporting to the Director, Technical Product Management, you will partner with business leaders, analytics teams, data engineers, architects, data scientists, and technology stakeholders to deliver scalable solutions that improve decision-making and operational outcomes. This is a unique opportunity to help shape the future of data products and analytics innovation within a leading healthcare organization.

What You'll Do


Partner with business stakeholders to identify opportunities for data, analytics, automation, and AI solutions.
Contribute to business case development, product valuation, and prioritization efforts using value-versus-effort assessments.
Support the development and execution of data product roadmaps aligned with business objectives and enterprise analytics strategy.
Manage and improve data products throughout the product lifecycle, including ideation, planning, development, launch, adoption, optimization, and retirement.
Collaborate with data engineers, data architects, developers, data scientists, and technology partners to support delivery of proof-of-concepts (POCs), pilot programs, and minimum viable products (MVPs).
Define and track product success metrics, KPIs, adoption measures, and business outcomes.
Analyze product performance and user feedback to identify enhancement opportunities and drive continuous improvement.
Support stakeholder communications, change management activities, training initiatives, and adoption strategies.
Promote scalable analytics solutions and data literacy across the organization.
Monitor industry trends, emerging technologies, artificial intelligence capabilities, and data analytics best practices to identify innovation opportunities.
Serve as a trusted resource on data products, analytics capabilities, and business value realization.



Basic Requirements


Bachelor's degree or equivalent experience.
Typically requires 4+ years of relevant professional experience in product management, product strategy, business analytics, data analytics, technical product management, business intelligence, or related fields.
Experience working with cross-functional teams to deliver data, analytics, technology, or business process solutions.
Experience analyzing business requirements, identifying opportunities, and translating stakeholder needs into actionable product initiatives.
Experience using data and metrics to evaluate product performance and business outcomes.



Preferred Skills/Experience


Familiarity with artificial intelligence (AI), machine learning, generative AI, large language models (LLMs), and data science concepts.
Experience in healthcare distribution, healthcare supply chain, manufacturing, or related industries preferred.



Travel, Location & Physical Requirements


Candidate should be located in or near Richmond, Virginia.
Occasional travel may be required based on business needs.
General office environment with the ability to work on a computer for extended periods.



McKesson complies with all applicable U.S. immigration laws and regulations. The Company does not provide employer support or sponsorship for any immigration related employment benefit for this role.

Applicants must be currently authorized to work in the United States on a fulltime basis without the need for employer support or sponsorship now or in the future. This includes having the legal right to work in the United States without the need for McKesson support or sponsorship for any immigration related employment authorization (e.g., H1B, O1, E3, H1B1, TN, F1 OPT, F1 STEM OPT, F1 CPT, etc.) now or in the future.

If you will require McKesson to provide immigration support or sponsorship now or in the future, you should not apply for this position.

We are proud to offer a competitive compensation package at McKesson as part of our Total Rewards. This is determined by several factors, including performance, experience and skills, equity, regular job market evaluations, and geographical markets. The pay range shown below is aligned with McKesson's pay philosophy, and pay will always be compliant with any applicable regulations. In addition to base pay, other compensation, such as an annual bonus or long-term incentive opportunities may be offered. For more information regarding benefits at McKesson, please click here.

Our Base Pay Range for this position

$92,600 - $154,400

McKesson has become aware of online recruiting-related scams in which individuals who are not affiliated with or authorized by McKesson are using McKesson’s (or affiliated entities, like CoverMyMeds or RxCrossroads) name in fraudulent emails, job postings or social media messages. In light of these scams, please bear the following in mind:

McKesson Talent Advisors will never solicit money or credit card information in connection with a McKesson job application.

McKesson Talent Advisors do not communicate with candidates via online chatrooms or using email accounts such as Gmail or Hotmail. Note that McKesson does rely on a virtual assistant (Gia) for certain recruiting-related communications with candidates.

McKesson job postings are posted on our career site: careers.mckesson.com.

McKesson is an Equal Opportunity Employer

McKesson provides equal employment opportunities to applicants and employees, without regard to race, color, religion, sex, sexual orientation, gender identity, national origin, protected veteran status, disability, age, genetic information, or any other legally protected category. For additional information on McKesson’s full Equal Employment Opportunity policies, visit our Equal Employment Opportunity page.

McKesson is committed to being an Equal Employment Opportunity Employer and offers opportunities to all job seekers including job seekers with disabilities. If you need a reasonable accommodation to assist with your job search or application for employment, please contact us by sending an email to (United States) Disability_Accommodation@McKesson.com or (Canada) Accessibility@mckesson.ca. Resumes or CVs submitted to this email box will not be accepted.

Join us at McKesson!",https://www.linkedin.com/jobs/view/4441614323/?eBP=CwEAAAGfnz6Glvjw0rP4IfGi0-77S3qLn5BYkjzEHqDNzWvJcCV8lMsqKpwJxDQnJEmYyGdDLxsl8jBAFWefYC2QpFDt4n2IkkEvy1lxmcWBolAjWw39lMZ5cNa2i_E2SB9L41fL6ORhmM3gE5Rukz4PobMIsOi1BBFBZ_OoPuY3U1o6Bf8VNR-T7RS-h20xtfSZSSeoBrx6sOUgYO--vxJhdR6UdLPsb6QzC6cSFgHvfndL2y43oFQRCk6qIUuKq53QyhsOFWqj8ag1rOoBvRzfx8yIEhjdMHIpnv8YU7_lKCt0pxlbYrLzroiJI4TYiEyWwpH6DXvJ3uUjTu-8UZYyuo--y6HN1O4ay5y-w0ZjX-13VB7JQs6oThvlGD7uyb-gErxJ39ULANzVblMOSLYBcW1piyoZ-XkULiOVCrz_26j-80ik8eZmNaZAIfJtvS8ea3Z47n_60s7YGixs3RdDh1ei0dGiMMn8oahEcDF06A&refId=4UwZpI6sUNEzorNn45Rqow%3D%3D&trackingId=2xtREDLRCaZiRNkIxgYi8A%3D%3D&trk=flagship3_search_srp_jobs,Business Analyst
Business Analyst II - AMZ27030.1,Amazon,"Sunnyvale, CA (On-site)","About the job

Description

Employer: Amazon.com Services LLC

Position: Business Analyst II - AMZ27030.1

Location: Sunnyvale, CA

Multiple Positions Available

Support senior management by managing metrics reporting and performing data mining and big data analysis to provide strategic advice on business forecast models. Collect business use cases, research and evaluate opportunities to help Amazon leverage its data to support business functions through complicated mathematical modeling. Analyze forecast and metrics data. Automate reports for promotional and project launch campaigns. Utilize database technologies, including SQL, ETL, and Oracle to design, develop, and evaluate highly innovative business intelligence tools and automated reports for campaign targeting and optimization. Transform complicated business problems into mathematics modeling and provide data-driven solutions. Perform statistical analysis, including clustering, cross-session and panel data regression using R, SAS, STATA, and SPSS. Establish scalable, efficient, automated processes for large scale data analyses, model development, model validation, and model implementation.

(40 hours / week, 8:00am-5:00pm, Salary Range $123531 - $143100)

Amazon.com is an Equal Opportunity – Affirmative Action Employer – Minority / Female / Disability / Veteran / Gender Identity / Sexual Orientation

Basic Qualifications

Bachelor's degree or foreign equivalent in Business Administration, Computer Science, Engineering, Mathematics, Statistics, Economics, or a related field and one year of experience in the job offered or as a Business Analyst, Business Intelligence Engineer, Data Engineer, Data Miner or a related occupation. Must have one year of experience in the following skill(s): using database technologies, including SQL, ETL or Oracle; processing large, multi-dimensional datasets from multiple sources including Kibana, OBIEE, Datanet or equivalent data extraction tool; performing statistical analysis and workforce optimization using workforce management systems including EWFM, IEX, or Aspect – Forecasting; developing automated reporting using advanced MS Excel skills including but not limited to macros and erlang knowledge; and maintaining data integrity to assure input/output accuracy in various databases including eWFM or GACD Systems.

The pay range for this position in Sunnyvale, CA is $123531 - $143100 (yr); however, base pay offered may vary depending on job-related knowledge, skills, and experience A sign-on bonus and restricted stock units may be provided as part of the compensation package, in addition to a full range of medical, financial, and/or other benefits, dependent on the position offered. This information is provided by California Equal Pay Act. Base pay information is based on market location. Applicants should apply via Amazon's internal or external careers site.

Preferred Qualifications

All applicants must meet all the above listed requirements.

Amazon is an equal opportunity employer and does not discriminate on the basis of protected veteran status, disability, or other legally protected status.

Los Angeles County applicants: Job duties for this position include: work safely and cooperatively with other employees, supervisors, and staff; adhere to standards of excellence despite stressful conditions; communicate effectively and respectfully with employees, supervisors, and staff to ensure exceptional customer service; and follow all federal, state, and local laws and Company policies. Criminal history may have a direct, adverse, and negative relationship with some of the material job duties of this position. These include the duties and responsibilities listed above, as well as the abilities to adhere to company policies, exercise sound judgment, effectively manage stress and work safely and respectfully with others, exhibit trustworthiness and professionalism, and safeguard business operations and the Company’s reputation. Pursuant to the Los Angeles County Fair Chance Ordinance, we will consider for employment qualified applicants with arrest and conviction records.

Our inclusive culture empowers Amazonians to deliver the best results for our customers. If you have a disability and need a workplace accommodation or adjustment during the application and hiring process, including support for the interview or onboarding process, please visit https://amazon.jobs/content/en/how-we-hire/accommodations for more information. If the country/region you’re applying in isn’t listed, please contact your Recruiting Partner.


Company - Amazon.com Services LLC - A57

Job ID: A10417374",https://www.linkedin.com/jobs/view/4443032232/?eBP=CwEAAAGfnz6GltEzO8hIdo1h4EtiWoIzoPvJUoEmeJKkK3OTaGS8FaagvkzjE_kWCeGX8_rbXl4olJ0iSEFbrZnJD8RXTvVabL78Cto8GQXnlfrXbvh5XSwv8OweVGgKEJ8qusldnIn_I078nanQGHGxdK-Ss1udTBnh_bD7BD7MnGS5hY1gw8-pzGyWVWklRuyIKN6fe8iSDwpa4Ipm5CNPmJYed_9SnQYjgL3vDYr7-WHYKeRZUnjGKgBj9nMCZL0e2slgUm3F0FUOD7RfVb0zm7s7qrCAFqpU4XLICezioi_sNYcGl_a7cBpKDZ7jlLmP3gWGDPLdsYmwneNH3A7PXbzftT2RMcndtYqahvneOvV6ulGZ8QxQWyQ4ovgGnVxSp6Yf_d3NrUl33QDYUBxbHCRqHqUHkyodIoUEYfbs6awNhC3yi2__CVrvS_2WUUib_0Ph4gY0u17I6rWX_c_9z2AZ-taHH7jWC9VEwBI&refId=4UwZpI6sUNEzorNn45Rqow%3D%3D&trackingId=%2BCNvSq0a5%2BZd6yxgimUXbQ%3D%3D&trk=flagship3_search_srp_jobs,Business Analyst
Clinical Business Analyst Level II,NYC Health + Hospitals,"New York, NY (On-site)","About the job

Marketing Statement

NYC Health + Hospitals is the largest public health care system in the United States. We provide essential outpatient, inpatient and home-based services to more than one million New Yorkers every year across the city’s five boroughs. Our large health system consists of ambulatory centers, acute care centers, post-acute care/long-term care, rehabilitation programs, Home Care, and Correctional Health Services. Our diverse workforce is uniquely focused on empowering New Yorkers.




At NYC Health + Hospitals, our mission is to deliver high quality care health services, without exception. Every employee takes a person-centered approach that exemplifies the ICARE values (Integrity, Compassion, Accountability, Respect, and Excellence) through empathic communication and partnerships between all persons.




Duties & Responsibilities

Purpose of Position:

Under varying levels of direction and expertise, is responsible for the on-going assessment, design, development and implementation of system-wide clinical systems. Specifically, collect and transform large quantities of information into meaningful business requirements; develop and modify requirements documentation for the design and implementation of clinical information systems; critically evaluate information from various sources; distinguish user needs from actual business needs and partner with business users, project managers, programmers, consultants and IT leadership in optimizing the scope, benefits and risks of actual and proposed projects as well as assist in managing stakeholder expectations.




Examples Of Typical Tasks

At a higher level, performs the typical tasks of Assignment Level I:

Analyze and document business requirements and processes; communicate requirements to technical personnel through the construction of basic conceptual data, process models and flowcharts, and technical specifications.
Interview end users, stakeholders, and project sponsors in order to assess business and clinical needs; create business, functional, and technical requirements document based on captured data and, in accordance with departmental protocol/standards.
Convert information gathered into specific details including data sources, data and user types, interface components, interface navigation needs, reporting needs and administrative system needs.
Define external interfaces, constraints, quality issues and other non-functional requirements.
Provide project management team with identified risks, concerns, and ambiguities discovered during the gathering of requirements; assist team in developing solutions.
Partner with project managers to complete requirements documentation, in accordance with project schedule.
Plan, organize, facilitate, and lead meetings and workgroups as well as oversee and execute follow-up activities.
Ensure software development team accounts for all defined technical requirements, in coordination with quality assurance team. Ensure that all quality standards comply with internal policies and industry standards.
Document changes to baseline requirements through standard change control process. Document software test plans, technical requirements, release notes, user and training guidelines and other materials.
Plan, coordinate, and support unit acceptance testing and subsequent deployments, in coordination with other team leaders.
Perform end user and application support functions including problem solving and resolution of application function defects. Provide systems and application training.
Develop and execute project presentations.
Participate in special projects, as required.
Provide training to and serve as a mentor for junior clinical business analysts and/or other appropriate project team members; manage and evaluate work products for assigned team members.
Participate in the development of various departmental training initiatives.
Interview junior clinical business analysts and/or other appropriate project team members.

In Addition To Performing The Typical Tasks Of Assignment Level I At a Higher Level, As Described Above, Also Performs The Following Tasks

Identify opportunities for process improvements and provide analysis and propose change and communicate strategies.
Provide supervision and guidance to junior clinical business analysts, clinical business analysts assigned at Level I, consultants, and/or other appropriate project team members.
Interview junior clinical business analysts, clinical business analysts assigned at Level I, consultants, and/or other appropriate project team members.




Minimum Qualifications

A Masters degree or advanced clinical degree from an accredited college or university and one (1) year of experience gathering and documenting business, clinical, and/or functional requirements using interviews, document analysis, workshops, surveys, site visits, business process descriptions, scenarios, business analysis, task and workflow analysis or related in a clinical, allied health, non-allied health, behavioral health, information technology, information services, business, analytics or related area; or, one (1) year of experience in a relevant clinical and/or healthcare administration role/function; or
A Baccalaureate degree from an accredited college or university and three (3) years of experience as described above; or
A satisfactory combination of education, training, and experience.
Specialty certification(s) issued by a national commercially available program, state, professional society, academic or technical institution in an area(s) listed above, may be credited on a month-to-month basis toward the required work experience for a total of one (1) year.




Department Preferences

Advanced degree in epidemiology, statistics, public health, biomedical informatics or an equivalent acceptable program
four+ years of satisfactory, full-time experience in healthcare clinical quality improvement, research, or data analytics.
Four or more years as a data or research analyst, statistician, epidemiologist, clinical informaticist, data scientist, or similar role
Data analysis
Statistical methods
Performance improvement
Working with EHR databases, particularly Epic
Proficiency in SQL and R
Familiarity with Epic data, particularly Clarity
Tableau experience
Experience in programming




How To Apply

If you wish to apply for this position, please apply online by clicking the ""Apply for Job"" button.",https://www.linkedin.com/jobs/view/4336646521/?eBP=CwEAAAGfnz6GlukDtmeMO5c4AAZfaWAD1lYxEkTFwguSLlkbwm7XRuehrVqGawqJu__-XVz1JJxpG-PZ6UYhmJvFl64fjkiP8Zukdsyf9tlnlMEwIiEZQo-TuykMCtjhnLBEByis2mGJz04GEmjtJ0YcgBKYv-XfoSP_Zobpe6AhD5Xjl8LIaJsncYWQWHzbKQyLkXGjyv9cOv5bmis8QhOEK9Sf7COnPO-I_XI0EGDAXy1jaY-wEw_PwQNdwO_CbB7u6dUryfrix1IiszidzZatT8kBb7oUCwzNnO0S8WlJufPTHDUVAIOyOjLhWfSHML3GwG1dNcnB3IIH3mHzxm-uqAraid-KqRzE0ygKHHh4Xa4_qhNZaHtrWMnP4qUUCA-2duDXvx2jV2CNs-bFTSkxshihiFs41aGzPnd4FDUvU84ZL4OC4NsV09tCgdZ6GoW8ibbfpdw&refId=4UwZpI6sUNEzorNn45Rqow%3D%3D&trackingId=xqfu2NvWw5Kj7db%2FZr6XxA%3D%3D&trk=flagship3_search_srp_jobs,Business Analyst
Care Strategy & Operations Analyst/Associate,Charlie Health,"New York, NY (Hybrid)","About the job

Why Charlie Health?

Millions of people across the country are navigating mental health conditions, substance use disorders, and eating disorders, but too often, they’re met with barriers to care. From limited local options and long wait times to treatment that lacks personalization, behavioral healthcare can leave people feeling unseen and unsupported.

Charlie Health exists to change that. Our mission is to connect the world to life-saving behavioral health treatment. We deliver personalized, virtual care rooted in connection—between clients and clinicians, care teams, loved ones, and the communities that support them. By focusing on people with complex needs, we’re expanding access to meaningful care and driving better outcomes from the comfort of home.

As a rapidly growing organization, we're reaching more communities every day and building a team that’s redefining what behavioral health treatment can look like. If you're ready to use your skills to drive lasting change and help more people access the care they deserve, we’d love to meet you.

About The Role

Charlie Health is seeking a highly motivated, intellectually curious, and data-driven Strategy & Operations Associate to join our Care Strategy team. In this role, you’ll focus on improving the group-based care experience—from how clients are matched to groups, to how we plan capacity, retain clinicians, and deliver consistently high-quality care at scale.

You’ll work closely with Clinical Leadership, Group Operations, Product, and Data teams to design systems and strategies that balance client outcomes, clinician experience, and operational sustainability. This role sits at the center of how Charlie Health delivers care day-to-day.

We’re a team of passionate, forward-thinking professionals eager to take on the challenge of the mental health crisis and play a formative role in providing life-saving solutions. If you’re inspired by our mission and energized by the opportunity to increase access to mental healthcare and impact millions of lives in a profound way, apply today.

Responsibilities


Analyze and improve the group care experience, including client-to-group matching, attendance, engagement, and outcomes
Build forecasting and capacity models to support group planning, clinician utilization, and sustainable growth
Partner with Clinical and Operations leaders to identify drivers of clinician retention, performance, and satisfaction—and design strategies to improve them
Design and implement scalable processes, systems, and workflows that improve care delivery efficiency and consistency
Evaluate trade-offs between client experience, clinician capacity, and operational constraints to inform strategic decision-making
Lead cross-functional initiatives across Care Ops, Clinical, Product, and Engineering teams to implement new programs, tools, or care models
Develop dashboards, performance tracking, and executive-ready materials to communicate insights and recommendations to leadership
Support experimentation around group structure, scheduling, staffing models, and care pathways


Requirements


At least 2–4+ years of relevant professional experience, including 1–2 years in investment banking, management consulting, private equity, or at a high-growth start-up
Bachelor’s degree in Business, Finance, Economics, or a related field
Advanced analytical skills—you're fluent in Excel and comfortable building models from scratch; SQL or BI tool experience (Tableau, Hex, Power BI) is a plus
Strong organizational skills with demonstrated ability to manage multiple projects and workstreams concurrently
Exceptional written and verbal communication skills
Proactive self-starter with a strong sense of ownership and the ability to operate independently in fast-paced environments
Resourceful problem solver with the ability to adapt quickly to changing priorities
Meticulous attention to detail and a commitment to delivering high-quality work
Strong analytical mindset with the ability to synthesize data into actionable insights; experience with healthcare analytics is a plus
Located within a 45-minute commute of New York City and able to work on-site four days per week


Benefits

Charlie Health is pleased to offer comprehensive benefits to all full-time, exempt employees. Read more about our benefits here.

The total target base compensation for this role will be between $106,000 and $135,000 per year at the commencement of employment. In addition to base compensation, this role also offers a performance bonus. The expected total cash compensation range, including potential bonus, will be between $117,000 and $148,000 per year. Please note, pay will be determined on an individualized basis and will be impacted by location, experience, expertise, internal pay equity, and other relevant business considerations. Further, cash compensation is only part of the total compensation package, which, depending on the position, may include stock options and other Charlie Health-sponsored benefits. 

Our Values


Connection: Care deeply & inspire hope.
Congruence: Stay curious & heed the evidence.
Commitment: Act with urgency & don’t give up.


Please do not call our public clinical admissions line in regard to this or any other job posting.

Please be cautious of potential recruitment fraud. If you are interested in exploring opportunities at Charlie Health, please go directly to our Careers Page: https://www.charliehealth.com/careers/current-openings. Charlie Health will never ask you to pay a fee or download software as part of the interview process with our company. In addition, Charlie Health will not ask for your personal banking information until you have signed an offer of employment and completed onboarding paperwork that is provided by our People Operations team. All communications with Charlie Health Talent and People Operations professionals will only be sent from @charliehealth.com email addresses. Legitimate emails will never originate from gmail.com, yahoo.com, or other commercial email services.

Recruiting agencies, please do not submit unsolicited referrals for this or any open role. We have a roster of agencies with whom we partner, and we will not pay any fee associated with unsolicited referrals.

At Charlie Health, we value being an Equal Opportunity Employer. We strive to cultivate an environment where individuals can be their authentic selves. Being an Equal Opportunity Employer means every member of our team feels as though they are supported and belong. We value diverse perspectives to help us provide essential mental health and substance use disorder treatments to all young people.

Charlie Health applicants are assessed solely on their qualifications for the role, without regard to disability or need for accommodation.

By clicking ""Submit application"" below, you agree to Charlie Health's Privacy Policy and Terms of Service.

By submitting your application, you agree to receive SMS messages from Charlie Health regarding your application. Message and data rates may apply. Message frequency varies. You can reply STOP to opt out at any time. For help, reply HELP.",https://www.linkedin.com/jobs/view/4431444951/?eBP=CwEAAAGfnz6Glifcc7cJc-BVz6BtEpfTyDkizAknA_xpx2RrW-whCTRLHQCSa-MwZfKRgFpNiJH8iCiN_W-7PXBBISe6q0E_9J2rmzXOgjIBPHg7E9otrwDPYSebuSYiW31BpF4GDn6tCO6uehKuBCywivb2lUNaz6gSgoVmEBfCCi_Et3t5f-RhHzsIWGUCfEssRLXWPMWX89JKtqzCprzzIQu9Ez6PDpFWx4c0wLCoiphhzyWuE7-7bHt2grqLtxwqDCIiWo2O7xpwZvSccUZaiyWknRbZhV8xFnFMUWRHK_5q6euUL-2Nvhi3MLyVnkNAriO_bhAvSv0TrURRdjC749xEI8tMjeHRl7xYfyu7ndtYGSrOLAglIQpws_XrDzmsUW2I6z-2r5koGliycBX2Q1YrXwu-CvhV2-vTqjFUTc6bKcvchdcOeeVzUbhSYZge57aUQfEqLeWhH4r51opSPJ58w-5Nivi_x2cpw1w&refId=4UwZpI6sUNEzorNn45Rqow%3D%3D&trackingId=9S6by9HdaxiuY9EKJ5mIog%3D%3D&trk=flagship3_search_srp_jobs,Business Analyst
"Business Analyst, YouTube",Google,"New York, NY (On-site)","About the job

Note: By applying to this position you will have an opportunity to share your preferred working location from the following: New York, NY, USA; San Bruno, CA, USA.Minimum qualifications:


Bachelor's degree in a quantitative or scientific discipline, such as Business Analytics, Statistics, Data Science, Finance, Economics, or equivalent practical experience.
2 years of experience in a management consulting, sales operations, business strategy or corporate advisory role.
2 years of industry experience in data analysis, modeling, and SQL.


Preferred qualifications:


Experience in advertising, consultative sales, business development, or a digital media environment.
Experience in experimental design (A/B testing) to measure the efficacy of regional programs and incentive structures.
Experience in separately managing complex projects.
Excellent written and verbal communication and people management skills, with the ability to take initiative and build strong, productive relationships.
Proven track record of designing, deploying, and scaling automated self-service tools that empower stakeholders to perform independent analysis.


About The Job

YouTube Biz Segment GTM is responsible for designing and delivering our service models for our Business Development, Creator and Consumer Success, and Partner Engineering teams to drive sustainable partner growth and customer lifetime value. The team will work closely with Business, Product and Marketing leaders to optimize impact and cost-to-serve across these partner and consumer segments. The core capabilities of the team include innovating and gaining alignment on our partner and consumer service models — who we serve, what service is provided to achieve growth, how the service is provided and incentivized — defining measures of success (impact, productivity, ROI), enabling change management with frontline teams and developing pilots to test new frontline models.

The YouTube Business Central Strategy and Operations Team is responsible for leading global, cross-functional, strategic initiatives to drive the unprecedented growth and health of the YouTube creator and partner ecosystem. The core capabilities of the team include strategic planning and business operations, incentives design and operations, and business strategy and operations for the three regions: Americas, EMEA, and APAC.

In this role, you will deliver analytics work within the Americas Strategy and Operations team. You will work closely with the Business Operations, Segment Go-to-Market and Product Activation functions to solve business, financial, and strategic problems. You will also partner closely with the AMER Partnerships leadership team.Individual pay is determined by factors including job-related skills, experience, and relevant education or training.

US: $100000 - $142000 (USD) + 15% bonus target + equity + benefits

Responsibilities

Learn more about benefits at Google .


Deconstruct complex, ambiguous business problems into structured quantitative frameworks, synthesizing disparate data sources to communicate high-impact findings. Lead investigative projects, like the YouTube Market Risk Report or Business Reviews.
Establish an unbiased, data-driven factbase to provide deep insights through exploratory analysis, empowering the regional Strategy and Operations teams to form unified perspectives on critical business challenges.
Advocate the adoption of innovative investigative methodologies and tools to unlock actionable insights, driving continuous improvement in how YouTube leverages data to support creator and partner ecosystem health.
Design and maintain executive-level data visualizations and automated dashboards that translate granular data into clear, strategic narratives for the AMER leadership team.
Identify and quantify emerging business growth opportunities within the creator ecosystem by analyzing market trends and partner performance metrics to inform long-term regional strategy.



Google is proud to be an equal opportunity workplace and is an affirmative action employer. We are committed to equal employment opportunity regardless of race, color, ancestry, religion, sex, national origin, sexual orientation, age, citizenship, marital status, disability, gender identity or Veteran status. We also consider qualified applicants regardless of criminal histories, consistent with legal requirements. See also Google's EEO Policy and EEO is the Law. If you have a disability or special need that requires accommodation, please let us know by completing our Accommodations for Applicants form .",https://www.linkedin.com/jobs/view/4444600806/?eBP=CwEAAAGfnz6Glr8-D4JM1GynhuirzSlldqWFqL4IKDGbMZWGSRyFKbfz_G2zr2mNrbfOHRPloGCbAiyNjjsK8jmrXmh_haUi8brTzQ0Qb-iPHHC4N-thEBJ-TnawVpQNJyAbjh8R4jaqRDDDwn0whugxTO0CPzttofUDbsIjDmc3HPW75lQEzP-3v9WDMD0KpYN06_2jtbTTCTh-IBrxKmDs0cSvYJdaFCjFgRbU-79F0MxQsOTnliYZ_be-bjc4Pw4cR961mRAYU3KkK-BKCmFLqPaZzyxQ40-nrz_m7e6ziynWC9GwGuUDeuoaLqoEbHpcYLYH0XSb-WLaJsMOJW78GtIPH3PkEFUyQu6vGMV31ZsmOYx35XtcMAh4LzqYEc5EQ246abiTL4LCPeZmc-2Z1GEHTwzfxAKBSuNJN9PcY2zoIkPhk2n6XqqmKluzsXciHrzbavzWD0VsfY6fdMuioaWPRx2fZmqQjnCri_q9mMcn&refId=4UwZpI6sUNEzorNn45Rqow%3D%3D&trackingId=EcgMO1Ydr%2FC4e%2BLkyziHQA%3D%3D&trk=flagship3_search_srp_jobs,Business Analyst
Business Analyst,City of Philadelphia,"Philadelphia, PA (On-site)","About the job

A best-in-class city that attracts best-in-class talent, Philadelphia is an incredible place to build a career. From our thriving arts scene and rich history to our culture of passion and grit, there are countless reasons to love living and working here. With a workforce of over 30,000 people, and more than 1,000 different job categories, the City of Philadelphia offers boundless opportunities to make an impact.

As an employer, the City of Philadelphia values inclusion, integrity, innovation, empowerment, and hard work above all else. We offer a vibrant work environment, comprehensive health care and benefits, and the experience you need to grow and excel. If you’re interested in working with a passionate team of people who care about the future of Philadelphia, start here.

What We Offer:

Impact - The work you do here matters to millions. 

Growth - Philadelphia is growing, why not grow with it? 

Diversity & Inclusion - Find a career in a place where everyone belongs.

Job Description

Benefits - We care about your well-being.

The Business Analyst reports to the PMO IT Manager. This role is responsible for guiding the success of the technology and services related to various business processes that align with the City’s technological strategic priorities and future-state agile, digital city experience. Working with cross-functional technology teams and business process stakeholders, they will oversee technology related business process initiatives from requirements through implementation, assessment, testing, and continuous enhancement. In this role, the Business Analyst will be the ‘voice of the customer,’ focusing on needs, expectations, understandings, and desires of the OIT and business process stakeholders to improve processes and increase satisfaction.

As a member of the Enterprise and Governance PMO, the Business Analyst is expected to uphold the organization’s mission and contribute positively to a collaborative, human-centered, innovative, accountable, transparent, and inclusive culture within the Enterprise and Governance PMO.

Essential Functions

Business Process Discovery and Management


 Advocate for the value of various business processes and encourage their use. 
 Lead requirements gathering (including interviewing users, analyzing work processes and operations, establishing solution objectives, and evaluating systems functionality) to uncover insights about various business processes and opportunities to improve existing services and explore new ones. 
 Work closely with development and support teams during business process related projects, including writing use cases and assisting in prioritization of features and functionality for systems. 
 Contribute to the planning for new or enhanced IT services or service bundles based on partner input and knowledge of OIT policies and standards. 
 Research, investigate, and promote the use of existing and emerging technologies to support or enhance IT operations and/or work. 
 Perform initial testing of enhancements and provide feedback to developers as needed. Coordinate with subject matter experts on second level testing. 
 Keen ability to determine when to apply Project Management principles. 
 Contribute to Project and Portfolio Management. 
 Pose insightful inquiries, take risks, and champion new ideas. 


Relationship Management


 Build and maintain collaborative and consultative relationships with customers and central OIT areas related to specific business processes being managed and serve as primary point of contact for IT coordination of services, communication, and planning around those business processes. 
 Gain an in-depth understanding of OIT’s processes and requirements. 
 Conduct regular reviews, priority-setting, and planning sessions with customers and other stakeholders. Serve as an advocate for those priorities, plans, and other technology needs within customer departments and OIT. 
 Monitor, evaluate, and regularly report to Enterprise & Governance PMO leadership on business process-related IT projects, services, and support; the delivery of services according to service level agreements; and levels of client satisfaction. 


Competencies, Knowledge, Skills And Abilities


 Demonstrated ability to think strategically about the application of technology to solve business problems and develop user/business-driven technology strategies and plans. 
 Ability to work with end users to understand and analyze business processes, define requirements, and assess technologies to determine fit for client needs; and with technical staff to translate those requirements into appropriate technical specifications. 
 Exceptional communication skills, with the ability to communicate technical concepts and information to non-technical audiences in a compelling and empowering way. 
 Deep commitment to developing and delivering modern, user-centered, and value-producing technology products, systems, and services in a collaborative way. 
 Ability to build effective relationships and strong commitment to working collegially and collaboratively with constituents at all levels in a diverse and distributed environment. 


Qualifications


 Completion of a bachelor’s degree program at an accredited college or university, which has


included major course work in Computer Science or Information Systems

OR

An equivalent combination of education and experience


 Minimum seven (7) years’ work experience, preferably within IT, and five (5) years business analysis experience
 Extensive experience with relevant tools such as MS Excel, Project, PowerPoint, and Visio. 
 Experience in leading or managing projects is a plus. 
 Experience implementing Organizational Change Management is a plus. 
 Experience working in a large governmental environment preferred. 


Additional Information

Salary Range: $75,000- $85,000

Starting salary to be determined based on experience and qualifications.

Important: To apply, candidates must provide a cover letter and a resume.

Work Setting: in-person (onsite)

The successful applicant will be required to submit to a fingerprint background check per CJIS policy.

Did you know?


We offer Comprehensive health coverage for employees and their eligible dependents 
Our wellness program offers eligibility into the discounted medical plan 
Employees receive paid vacation, sick leave, and holidays 
Generous retirement savings options are available 
Pay off your student loans faster - As a qualifying employer, City of Philadelphia employees are eligible to participate in the Public Service Loan Forgiveness program. Join the ranks of hundreds of employees who have already benefited from this program and achieved student loan forgiveness. 
Enjoy a Free Commute on SEPTA - Starting September 1, 2023, eligible City employees will no longer have to worry about paying for SEPTA public transportation. Whether you're a full-time, part-time, or provisional employee, you can seize the opportunity to sign up for the SEPTA Key Advantage Program and receive free Key cards for free rides on SEPTA buses, trains, trolleys, and regional rails. 
Unlock Tuition Discounts and Scholarships - The City of Philadelphia has forged partnerships with over a dozen esteemed colleges and universities in the area, ensuring that our employees have access to a wide range of tuition discounts and scholarships. Experience savings of 10% to 40% on your educational expenses, extending not only to City employees but in some cases, spouse and dependents too! 
The successful candidate must be a city of Philadelphia resident within six months of hire


Effective May 22, 2023, vaccinations are no longer required for new employees that work in non-medical, non-emergency or patient facing positions with the City of Philadelphia. As a result, only employees in positions providing services that are patient-facing medical care (ex: Nurses, doctors, emergency medical personnel), must be fully vaccinated.

The City of Philadelphia is an Equal Opportunity employer and does not permit discrimination based on race, ethnicity, color, sex, sexual orientation, gender identity, religion, national origin, ancestry, age, disability, marital status, source of income, familial status, genetic information or domestic or sexual violence victim status. If you believe you were discriminated against, call the Philadelphia Commission on Human Relations at 215-686-4670 or send an email to faqpchr@phila.gov. For more information, go to: Human Relations Website:

http://www.phila.gov/humanrelations/Pages/default.asp",https://www.linkedin.com/jobs/view/4440047966/?eBP=CwEAAAGfnz6GltAvj4_Z1fG9scwzLDFrK62ZlWTi5VyIPdVovMVsqSwRCQXDwGCHWMKHySByA5p_ut6v3KDehim3p5ABxxDDdIz7Xaz9Ugx_1kXJS2x4rN7-wp46-zVzVOC2T9v-nQxQMoebOpoOAtJhvYrWXHmSMS6ae68dtYPtHISBuUBQLYvw1O_F2M4Q4HHG7BtWQdUeZfpysv5ArdkJtVHb7YSmX-532QbpKB5KbQeUz1i3RRZ8BqRC_m1tmAJqdIHY3nhpfX2-PCOFHs9DvvHbCKjg97L3PAZv_KYMW3y5t-DquvXnkEAeftUqG-ubX3AwhNqYwUfyHbb2hCYnXz_oBOXuJj-5soP-PHomPCOsCwi7EAYSvk5umFahX2N_7gFGoY_h5JrD8gD4CG7HRooexbCx_yvkkQkrbAswbUS-26iqSrx47eKAA1ZCfbWuDmfpmyhFC0vO6arX39qrlKt59do8Khp6pvME-JI&refId=4UwZpI6sUNEzorNn45Rqow%3D%3D&trackingId=eVgMQm8kU9tdm9rzkwBgdQ%3D%3D&trk=flagship3_search_srp_jobs,Business Analyst
"Business Analyst II, Research (Hybrid)",Beth Israel Lahey Health,"Boston, MA (Hybrid)","About the job

When you join the growing BILH team, you're not just taking a job, you’re making a difference in people’s lives.

We are seeking an experienced Business Analyst to support the implementation of a comprehensive research administration software suite at Beth Israel Lahey Health (BILH). Our healthcare network is moving from disparate legacy systems to a single, integrated research administration platform. This system will encompass pre-award and post-award grants management, contracting, Institutional Review Board (IRB), Institutional Animal Care and Use Committee (IACUC), Institutional Biosafety Committee (IBC), and other research administration functions. The Business Analyst will serve as a liaison between stakeholders and the technical implementation team, closely collaborating with the project sponsors, key stakeholders, and subject matter experts to ensure the solution meets institutional needs while supporting regulatory compliance and operational excellence. Post-implementation, this position will support the ongoing process improvement, system maintenance and adaptation, and training.

Job Description

Essential Responsibilities but not limited to:


Conduct interviews with key stakeholders across BILH hospital sites to understand current workflows and future-state requirements
Document and analyze existing processes from disparate legacy systems.
Translate business needs into detailed functional requirements.
Identify opportunities for process improvement, standardization, and consolidation as BILH transitions to a single system
Collaborate with technical teams and vendor consultants to configure the research administration suite to meet institutional requirements across the BILH network
Participate in system design sessions to ensure workflows align with academic medical center operations and regulatory requirements
Review and validate system configurations, integrations with existing systems (ERP, HR, finance, e.g. Workday, Epic, iLabs, etc.), and data migration strategies from multiple legacy platforms
Support development of custom reports, dashboards, and analytics capabilities
Map and document current and future-state business processes.
Ensure processes support compliance with federal regulations (NIH, NSF, FDA, OMB Uniform Guidance, etc.) and institutional policies
Recommend process improvements that leverage system capabilities while maintaining regulatory compliance


Required Qualifications


Bachelor's degree in Business Administration, Information Systems, Healthcare Administration, or related field
3-5 years of business analysis experience
Experience with enterprise software implementations or large-scale system projects
Proven ability to gather requirements, document processes, and translate business needs into technical specifications
Excellent analytical, problem-solving, and communication skills
Proficiency with process mapping tools and MS Office suite


Preferred Qualifications


Experience in healthcare, higher education, or research administration environments
Familiarity with grants management, research compliance, or sponsored programs
Knowledge of research administration platforms (e.g., InfoEd, Cayuse, OnCore, CLICK)
Project management experience
Experience with Workday and/or other ERP system integrations


Work Environment

This position will work collaboratively with cross-functional teams including IT, research administration, compliance, finance, and clinical departments across the BILH network. The role requires flexibility to accommodate project timelines and may include occasional evening or weekend work during critical implementation phases.

Pay Range

$80,000.00 USD - $120,000.00 USD

The pay range listed for this position is the annual base salary range the organization reasonably and in good faith expects to pay for this position at this time. Actual compensation is determined based on several factors, that may include seniority, education, training, relevant experience, relevant certifications, geography of work location, job responsibilities, or other applicable factors permissible by law.

As a health care organization, we have a responsibility to do everything in our power to care for and protect our patients, our colleagues and our communities. Beth Israel Lahey Health requires that all staff be vaccinated against influenza (flu) as a condition of employment.

More than 35,000 people working together. Nurses, doctors, technicians, therapists, researchers, teachers and more, making a difference in patients' lives. Your skill and compassion can make us even stronger.

Equal Opportunity Employer/Veterans/Disabled",https://www.linkedin.com/jobs/view/4385327009/?eBP=CwEAAAGfnz6Glv8n5IzZ6QPUN3-yvKSbHhT-Qu0JJ2Mr3JIABwWIOlnbsRDvMiREBLm-WQK74WOpZrVclGXFDMai2H--Ps0yEOQPHs2XN5Y5FYzspSRum1jNuTe2xMq5sBfrms7hWhuFGSjlNToanw9GFTc_ZGCqrj4HG2SAN5XY8sGUW0eBM_RXnSDYTN1tMTJ-tj0W931HEEVNOQcaznAfbpxzAsLgKwRiKQoDrpLIFrc1BQIlpcTySAPT3RMQF-bq4HSDqQaP-zgpEI-vF6R0zcEJnr_Vd8unPTTToTv2JE-QGAQR0R4WfSA2k_DsRpoMqXBh5oQAaeOLRoqx6_7skK8TFqYt2EZy_oQ6azkD_PBQ_dkWmExgfZBBxgphX6mRwqVGpy35kykfcheQboGAtT9-9dBDWiglM-WR8H2s7p1ILqmvPYHp0q07YN4RfxwhJKOpx3oAXQU8SGbQoVC_yNR8sxHDo1zMDo9bSEaDzA&refId=4UwZpI6sUNEzorNn45Rqow%3D%3D&trackingId=Ij2oM3iXO17rtWwkFvL1KQ%3D%3D&trk=flagship3_search_srp_jobs,Business Analyst
Business Analyst – Translational Medicine,Regeneron,"Tarrytown, NY (On-site)","About the job

The Business Analyst Translational Medicine, will work collaboratively with scientists in the Translational Medicine Research & Preclinical Development section, to document scientific and data processes, including histology and imaging workflows, and contribute to the development of data and technology solutions that support Regeneron’s scientific mission.

Where: Based at our Tarrytown, NY location

Where: 4 days onsite per week required

Discover Your Role


Support the translation of business goals and objectives into documented requirements; assist in developing problem statements with guidance from senior team members
Document “as is” and “to be” business processes; apply standard methodologies and tools to gather and document functional and non-functional requirements
Contribute to mapping information system connections and data flows between systems; assist in identifying data elements and supporting data mapping and data dictionary documentation
Apply working knowledge of SQL, Python, AI, and other tools to investigate data; develop familiarity with data lake principles and common database types used in a research environment
Assist in maintaining and organizing the backlog of requests; support clear communication of requirements to the development team and help coordinate stakeholder updates
Engage with scientists and laboratory personnel to learn and document business processes; support research scientists and technical teams in gathering system and requirements information
Help identify data quality issues and support efforts to investigate contributing factors; assist business and IT partners in documenting and communicating findings
Handle a variety of tasks across projects, apply sound judgment within defined procedures, and adjust priorities as needed in a dynamic research environment


This Role Requires


Bachelor’s degree in a life science, computer science, information technology, or a related field.
2+ years of experience in a research or biotechnology environment.
Previous experience in the biotechnology and/or pharmaceutical industry is required. We need someone who has working familiarity with a variety of tools (e.g., Laboratory Information Management Systems, SQL databases, Python programming, agentic tools, data documentation frameworks) and can apply general knowledge of industry practices to support business analysis, requirements gathering, and data flow documentation in a research-focused environment.
Previous exposure to laboratory techniques, bioinformatics concepts, relational database principles, or IT software development lifecycle processes is preferred.


Does this sound like you? Apply now to take your first step towards living the Regeneron Way! We are committed to building a workplace with an inclusive culture. Regeneron is an equal opportunity employer and all qualified applicants will receive consideration for employment without regard to race, color, religion or belief (or lack thereof), sex, sexual orientation, gender identity or expression, gender reassignment, marital or civil partnership status, civil status, pregnancy or parental status, age, disability, nationality, citizenship status, ethnic or national origin, membership of the Traveler community, familial status, genetic information, military or veteran status, or any other characteristic protected under applicable law. Where required, we will provide reasonable accommodation to applicants with known disabilities or chronic illnesses during the recruitment process, unless such accommodation would impose undue hardship.

Where necessary, we disclose salary ranges for roles in all countries in which we operate. The final offer will be determined within the relevant range based on the country of employment, specific role level, and your skills and experience. In some countries, collective bargaining agreements (CBAs) may apply and influence certain elements of pay or benefits. Regeneron offers a competitive and comprehensive total rewards package which may include, depending on country and role: annual bonuses or other incentive plans, equity awards, pension or retirement benefits, 401(k) company match, health and wellness programs, fitness centers, insurance benefits (e.g. medical, dental, vision, life and disability), paid time off, and family support benefits. For additional information about Regeneron benefits in the U.S., please visit https://careers.regeneron.com/en/working-at-regeneron/total-rewards/. For other locations, additional information will be provided during the recruitment process. If you have any questions, please speak with your recruiter.

Please be advised that at Regeneron, we believe we do our best work when we are together. For that reason, many roles are required to be performed on‑site. Please speak with your recruiter and hiring manager for more information about on‑site expectations for your role and location.

As part of the recruitment process, certain background checks may be conducted in accordance with the laws of the country where the position is based. The purpose of such checks is to verify certain information prior to the commencement of employment such as identity, right to work and educational qualifications.

For jobs in Canada: this posting is for an existing position.

Salary Range (annually)

$71,800.00 - $116,800.00",https://www.linkedin.com/jobs/view/4441345939/?eBP=CwEAAAGfnz6GlhZGC1XTCcI1uObH7Y2tqpOV3qAhn1PN7711tg9Z_ZFJPAZflWzcUlg8dpeRyS4-IPBMTBCLh__soSmedULzJVo1bknkqhvEgRPMgv3Rp17ltpSOLQ-zLMsvAL2tUfeu5XGk3cqKn93aBhIV8pl-qFrNmOvr2-eW0dlqQnXNYMsKQ-xclI7eUJtQOwtB0cxRVlFyVPO-E6oNGRaIknYaEr8miqP2WzkS3xoOtxuTu9XhmC_BkKD-dbFmlUR8T04trsnXvRYOlMIkUbN1QXVX91COyH2UzH5any68JJirHSt_EvA7Gh7lAsXcoOiXYo_cu7XYAaZwyXr_e6tk83Fq80uouDYhamsDFjLl7eCnnuFgG9bm88iHICsu6SCHR3hFrNsUB9yA-36kYSON6pCXURxBbs-XaeQpVini9ZgTtwwqhzn-8u9NNy_ktSu8HLS0lUJtrnRJcCZyA_ewksQOiiuLml3Idcw&refId=4UwZpI6sUNEzorNn45Rqow%3D%3D&trackingId=COcwH5xR39mMYWUvvhQKrw%3D%3D&trk=flagship3_search_srp_jobs,Business Analyst
Junior Business Analyst,FDM Group,"New York, NY (Hybrid)","About the job

Not just another entry level career opportunity: receive coaching, mentorship, and support at every step of your career journey. We invest in you so you can thrive and succeed.




Launch your tech career with FDM – any degree welcomed




Your degree got you here, your passion can take you further. Start a tech career that’s both dynamic and impactful. As an FDM Consultant, you’ll get the chance to work with global companies across banking, consulting, retail, insurance, and more. You’ll add big names to your resume and gain hands-on experience from day one.




Serving a wide variety of industries, we can offer our consultants a career path in their most suited field. We help you develop and build on your strengths, behaviors, knowledge, and ability with hands-on, industry relevant coaching, and place you on assignments with leading global companies.




We match your strengths to the right role. Opportunities could include, but not limited to:




Business Systems Analyst 

Bridge business needs with technical solutions by collaborating closely with architects, engineers, and product teams. As a BSA, you’ll translate requirements into clear user stories, define acceptance criteria, support testing strategies, and validate solutions through hands‑on analysis. You’ll help refine processes, troubleshoot issues, and ensure systems and features are built, tested, and delivered with quality, all while working in an agile, fast‑moving environment.




Business Analyst

Analyze systems, processes, and data to uncover insights and recommend improvements that help businesses operate more efficiently and make informed decisions.




Project Manager

Plan and deliver projects on time and within scope, managing risks, budgets, and stakeholder expectations to ensure business goals are met.




What’s in it for you?

Fast-track your career with 6-12 weeks initial upskilling courses facilitated by our expert coaches, followed by practice-based learning catered to industry demand
Opportunity to work on exciting, business-critical projects with top-tier companies in banking & finance, insurance, retail, and more
Dive into delivering solutions across the application lifecycle
No tech experience? No problem. If you’re a logical thinker with strong research skills and a knack for clear communication, we’ll equip you with the tools to thrive in Change & Transformation
With hands-on support and real client projects, you’ll be assignment-ready — and can grow into senior roles in just a few years
Build a diverse and rewarding career path with ongoing coaching through our Skills Lab
Consultant Experience Team to support your wellbeing, health, and happiness
Potential to qualify for relocation support




What we look for

You hold a university degree level (bachelor or higher)
Able to commit to at least two years of employment with FDM as a consultant following the initial training period
Strong problem-solving and analytical skills, paired with great interpersonal and communication skills
Background with Excel, SQL or data visualization tools
Legally authorized to work in the US without employer sponsorship
Please note that all client assignments will require on-site work in client offices. Office locations may include, but are not limited to, New York Metro, Texas, Florida, North Carolina, Georgia, Chicago, and Boston




About FDM

FDM powers the people behind tech and innovation. We spot trends, find top talent, and help businesses stay ahead.




With 35+ years of experience, we coach, mentor, and launch fresh thinkers from diverse backgrounds into world-class careers. Partnering with top global companies, we deliver the right talent at the right time—while guiding our people toward exponential growth.

🌍 Global impact – 18 centers across North America, APAC, the UK, and Europe

🚀 25,000+ careers launched – and counting

🤝 300+ trusted client partners




Committed to Equal Opportunities

Tech careers should be for everyone. With 75+ nationalities represented, FDM thrives on diversity, fuels innovation through unique perspectives, and celebrates success together. As an Equal Opportunity Employer and FTSE4Good-listed company, we ensure every qualified applicant gets a fair shot—no barriers, just opportunities.




Additional Considerations

FDM Group, Inc. is registered to operate and hire employees in select states within the US. We will consider employment applications exclusively from candidates who are either residing in one of the following states or willing to relocate to them: Arizona, California, Colorado, Delaware, Florida, Georgia, Illinois, Indiana, Massachusetts, Maryland, Minnesota, North Carolina, New Jersey, New York, Pennsylvania, Tennessee, Texas, Utah, and Virginia.",https://www.linkedin.com/jobs/view/4424754495/?eBP=CwEAAAGfnz6GltfSMhY3yo-RaDeUGPL_oH0GGm3hrNSHeLMXdZiCVSlj6PM0DaWs5MIIeju0fQHmhKA4KxtKyuA34XW1PxiKbLr-Az9Dn-5stFDpqLvC3K48Zw0GCmxjcmgcOQTQstEhb_PIWHNuqNC58HCxurJltoELKjUIxDWaGFxivcxe27qhkf00orgNxnt5_5cWKKqylj26jpLlT3ruhPW-yGnQk9zqGCoKtY8Hf_Vul7Khu7W14MBf2dDEuU2DrwvN5y1bfd4kOsmsCRnX5Q75eXLDYwLZqiUXSmDOrb2MD1KPUfYWMb4t2I7t5yLEf_t_SRmDziZ0eUiWbnec2h1PgY6XjoLhrHsysDm10Z1RUgsA2UwIWNlxRX66KthIjHNOoc_OokrPqg2zxiso-n-THiWPfr5wN1fhuCBsompTLhsBm9SPsPqhuBBd1QragxYaH_WdZBPlyB1uoCaBd4yPygWmUX2m7x36h7muwVrB&refId=4UwZpI6sUNEzorNn45Rqow%3D%3D&trackingId=kbHRn9XEn9%2F2n5GsL0T20Q%3D%3D&trk=flagship3_search_srp_jobs,Business Analyst
Business Process Analyst,Building Service 32BJ Benefit Funds,"New York, NY (On-site)","About the job

Position Summary: 

As a Business Process Analyst, you will play a key and collaborative role in the delivery of powerful data-driven products that support 32BJ Health Fund’s mission of providing high-quality and low-cost healthcare to its union members. The Business Process Analyst will be responsible for identify, implementing and supporting Health Fund business operations projects and processes for automation. With the Process & Quality Engineering team the Business Process Analyst will research and design new projects, prepare and present new ideas to improve current processes. This will include analyzing data to create and maintain new systems and/or streamline existing processes. This role will support additional operational and administrative needs within the team, including data analysis, data tracking, business planning and other ad hoc projects. The ideal candidate is technically savvy, highly organized, detail-oriented, able to learn quickly, flexible, and collaborative with a small but mighty team.

 Primary Duties and Responsibilities: 


Solicit, review, analyze, create, and upkeep business requirements documentation
Build strong working relationships with other team members, vendors, and stakeholders
Evaluate, Ideate, Develop, and Implement / Improve Health Fund existing processes and/or systems using your experience with SQL and or other programming languages
Engage vendors, stakeholders, and other teams/departments to manage risks and timely resolution of issues
Monitor and track multiple project and associated tasks simultaneously in a rapidly changing
Analyze and interpret data to identify operational trends, patterns, and quality opportunities for improvement or new processes
Perform data validation, quality review, create test cases, and perform UAT
Work collaboratively with business and support leads to map out and document project process (business requirements documents, AS-IS & TO-BE workflows, Data Flow diagrams, Solution Design Specifications, test plans, test cases, policies and procedures, job aids, etc.)
Identify and document progress updates, issues logs and other tools to ensure project run smoothly
Provide operational support to teams for ad hoc project, as needed, to ensure project deliverable are met
Support the implementation and maintenance of Data Governance policy requirements and standards for data and data systems within your domain
Create clear documentation (user guides, quick starts, schemas, and data dictionaries) of established data structures and use cases



Qualifications:


Bachelor’s degree or equivalent experience
2+ years of full-time experience or demonstrated accomplishments in identifying processes and projects for improvement, leading requirements gathering & validation, and writing functional & non-functional business requirements
Prior experience with data warehousing projects and SDLC; experience with data migration projects from on-prem to cloud is highly desirable
Advanced proficiency in Microsoft Office Suite including Word, PowerPoint, and Visio; Expert proficiency in Excel
Proficient in Structured Query Language (SQL); SQL Server Management Studio
Proficiency with using dashboards software such as Tableau, QlikView, or Power BI
Knowledge of Microsoft Dynamics CRM Platform is preferred",https://www.linkedin.com/jobs/view/4419539062/?eBP=CwEAAAGfnz6GlqUOJxsw7jaG6hYLvTs-31kb2KH-trlynCtbHClxJ6DSD0xK1O0Vhbjrxvn5ZMRrWkDL3vft2vc1t3T4SURE9F2vgIUgqkQ_ZYg2BOgp-_OZIfVwH2HLAP0ZU9F-PgKDRdzwpJtXe3iGyI872rkIjNUSwjSEpucUti6_sdov2R0ppzH-aEGvBpoJtbkQnloUhYwxRK8NMsGgWbF20qKiljbx2CA2VDHFtRjkBlbot5J47132skSddXNkzYCyKSMJfCf1wjYQwZt0QpLIVO_phpcVZM0iX6P1nrO1WDK80K4iTY-FMZ-NIMatZ239P0z2HnGfeolkVbuY97fj37rw3di1sYNKZ0zWPZW53MBgVf3jtHZi4CKoMYR9J0pzW8rAuYqYGLoMe_0wrto2OX1LDMFg1q2b_WcB52JgVp25eC1AMfWS5_G2zXDEn12fVZSZ0svxSNUoihbGSj-FkNZdZ7-D8ihHRe4&refId=4UwZpI6sUNEzorNn45Rqow%3D%3D&trackingId=0Vfg%2FOLhVxYLOIBUT3obhA%3D%3D&trk=flagship3_search_srp_jobs,Business Analyst
Business Technical Analyst,Symetra,United States (Remote),"About the job

About The Team

The Business Technical Analyst (BTA) operates as the interface between Life Operations and Technology, ensuring key business systems are reliable, efficient, and responsive to organizational needs. This role integrates technical troubleshooting, business assessment, data analysis, and operational support to quickly fix production problems while encouraging ongoing progress in business procedures.

Functioning independently, the BTA analyzes complex system incidents, identifies root causes, reviews business impacts, and formulates practical solutions that minimize operational disruption. Employing systems, data analysis, automation, and business knowledge, the BTA collaborates with Operations, Product, and Technology teams to restore service, improve system performance, and refine the user experience.

Beyond incident management, the BTA translates business needs into clear technical requirements. They support solution design and testing, develop productivity tools, and find opportunities to automate manual processes and improve operational efficiency.

This role is ideal for someone who enjoys solving complex problems, collaborating across teams, and using technology to improve business outcomes.

About The Role

The Business Technical Analyst ensures the business functions effectively on a daily basis. They respond promptly to production issues, see chances for improvement, and collaborate with business and technology teams. This role reduces operational risk, improves customer satisfaction, and enables the Retirement Division to deliver outstanding service.

Every improvement delivered by a BTA or equivalent experience reduces manual work, increases operational efficiency, and strengthens the technology that supports our customers and business partners!

What You Will Do


Lead investigation and resolution of complex production incidents, performing root cause analysis and implementing effective solutions with a customer-focused approach.
Analyze business processes, system behavior, and operational data to assess impacts, communicate risks, and recommend process and technology improvements.
Partners with Operations and Technology teams to prioritize work, support production activities, and ensure timely resolution of customer-impacting issues.
Develop and execute testing strategies, user acceptance testing, and production validation to ensure solutions meet business requirements and are successfully implemented.
Serve as a liaison between business and technical teams, driving collaboration, mentoring junior analysts, documenting best practices, and identifying opportunities for automation and continuous improvement.


Who You Are


Bachelor's degree or equivalent experience combined with education.
Customer first approach.
2–5 years of experience in business analysis, production support, systems analysis, operations, or a related field.
Experience investigating complex business or technical issues.
Strong analytical and problem-solving skills.
Experience working with relational databases and SQL.
Excellent written and verbal communication skills.
Ability to prioritize multiple competing requests in a fast-paced environment.


Nice to Haves


Experience in retirement, insurance, or financial services.
Experience with Agile delivery methodologies.
Knowledge of data analysis and reporting tools.
Familiarity with Azure DevOps, Jira, ServiceNow, or similar work management tools.


Why Work at Symetra

Here’s what some of our employees have to say about why they work at Symetra:

““I was referred to Symetra by a family friend who’s been with the company for years—and I’m so glad I took their advice. Symetra truly puts its people first. I’ve always felt supported, not micromanaged, and that trust has helped me grow. I started in an entry-level position and have worked my way up to Unit Manager by continuously learning and expanding my skills. It’s a place that believes in its employees and invests in their success.” - Morgan D., Sr. Unit Manager

“""Symetra will spoil you. There aren't many companies that will put as much effort into you being a success as Symetra. The culture will challenge you but simultaneously put you at ease. Failure is seen as integral to the learning process so there is less reason to be fearful of it."" - Kerry S., Sr. Systems Analyst

What We Offer You

Benefits and Perks

We don’t take a “one-size-fits-all” approach when it comes to our employees. Our programs are designed to make your life better both at work and at home.


Flexible full-time or hybrid telecommuting arrangements
Plan for your future with our 401(k) plan and take advantage of immediate vesting and company matching up to 6%
Paid time away including vacation and sick time, flex days and ten paid holidays
Give back to your community and double your impact through our company matching 
Want more details? Check out our Symetra Benefits Overview


Compensation

Salary Range: $66,100 - $110,100 plus eligibility for annual bonus program

Please Review Symetra’s Remote Network Minimum Requirements

As a remote-first organization committed to providing a positive experience for both employees and customers, Symetra has the following standards for employees’ internet connection:


Minimum Internet Speed: 100 Mbps download and 20 Mbps upload, in alignment with the FCC's definition of ""broadband.""
Internet Type: Fiber, Cable (e.g., Comcast, Spectrum), or DSL.
Not Permissible: Satellite (e.g., Starlink), cellular broadband (hotspot or otherwise), any other wireless technology, or wired dial-up.


When applying to jobs at Symetra you’ll be asked to test your internet speed and confirm that your internet connection meets or exceeds Symetra’s standard as outlined above.

Identity Verification 

Symetra is committed to fair and secure hiring practices. For all roles, candidates will be required (after the initial phone screen) to be on video for all interviews. Symetra will take affirmative steps at key points in the process to verify that a candidate is not seeking employment fraudulently, e.g. through use of a false identity.

Failure To Comply With Verification Procedures May Result In


Disqualification from the recruitment process
Withdrawal of a job offer
Termination of employment and other criminal and/or civil remedies, if fraud is discovered


We empower inclusion

At Symetra, we aspire to be the most inclusive insurance company in the country. We’re building a place where every employee feels valued, respected, and has opportunities to contribute.

Inclusion is about recognizing our assumptions, considering multiple perspective, and removing barriers. We accept and celebrate diverse experiences, identities, and perspectives, because lifting each other up fuels thought and builds a stronger, more innovative company. We invite you to learn more about our efforts here.

Creating a world where more people have access to financial freedom

Symetra is a national financial services company dedicated to helping people achieve their financial goals and feel confident about the future. In our daily work, we’re guided by the principles of Value, Transparency and Sustainability. This means we provide products and services people need at a competitive price, we communicate clearly and openly so people understand what they’re buying, and we design products—and operate our company—to stand the test of time. We’re committed to showing up for our communities, lifting up our employees, and standing up for diversity, equity and inclusion (DEI). Join our team and help us create a world where more people have access to financial freedom.

For more information about our careers visit https://symetra.eightfold.ai/careers

Work Authorization

Employer work visa sponsorship and support are not provided for this role. Applicants must be currently authorized to work in the United States at hire and must maintain authorization to work in the United States throughout their employment with our company.",https://www.linkedin.com/jobs/view/4444218636/?eBP=CwEAAAGfnz6Glvahqjh1JoJH_MyoM0YYFHe7xPyVxV8HBdkBym085DFm4pP8EPODoH_hqfTtJp_fAicB8sFWEQjfN-y7F-O3tomc2JzBIfyZ4Nb7a_dqeRLgPs0GdgRYdHq7xASTDtRgcTLmJN5UUMNqkpUhqZSCSBta8uyykgdMhmKihTtEDtnG78Ut8l8UKjhskwfr-iLM-EyS5jidb1imn5yBa_35QcJ66OWK7UqpT81QQiUgqeJ7YZ6RFAY-YsgN1ZxG7TxzHNWVtGIBrikEnxCVpgwK26DhcigGyl9Vtx_SC_zcoNEqV_LdqEsxWGXPIVqMAL2gtPzJ49FUH9mT_-wVUkQw86EA7Cp-H35w-wVquRH70CS1CDKP7mYWdeGIRE386zR3CZJ2P_Mabrut869zusIBw1K-xdZqEbwcvnIZ-w3nHdRQnfbJcru7dc0Ujk-U73oVJ819XrloYDJPUU8IoOeDyk51rnOryO1sOw&refId=4UwZpI6sUNEzorNn45Rqow%3D%3D&trackingId=1jVUlrSqHAsK0I5ccN%2FFEA%3D%3D&trk=flagship3_search_srp_jobs,Business Analyst
Business Analyst,NYU Langone Health,"New York, NY (On-site)","About the job

1161915_RR00119549 Job ID: 1161915_RR00119549

NYU Langone Health is a fully integrated health system that consistently achieves the best patient outcomes through a rigorous focus on quality that has resulted in some of the lowest mortality rates in the nation. Vizient Inc. has ranked NYU Langone the No. 1 comprehensive academic medical center in the country for three years in a row, and U.S. News & World Report recently placed nine of its clinical specialties among the top five in the nation. NYU Langone offers a comprehensive range of medical services with one high standard of care across 6 inpatient locations, its Perlmutter Cancer Center, and over 320 outpatient locations in the New York area and Florida. With $14.2 billion in revenue this year, the system also includes two tuition-free medical schools, in Manhattan and on Long Island, and a vast research enterprise with over $1 billion in active awards from the National Institutes of Health.

For more information, go to NYU Langone Health, and interact with us on LinkedIn, Glassdoor, Indeed, Facebook, Twitter, YouTube and Instagram.

Position Summary

We have an exciting opportunity to join our team as a Business Analyst.

In this role, the successful candidate as the Business Analyst will collaborate with Payroll, MCIT, and Human Resources teams to ensure that UKG Pro and Finance Salesforce technology enhancements and upgrades are optimized to meet the needs of all employees across the organization. The Business Analyst develops and administers various training programs to promote the best practices and compliance with institutional policies as it relates to the enterprise timekeeping application, UKG Pro. Additionally, the Business Analyst supports the documentation, testing and training of Finance Salesforce enhancements for the UKG Training and Support Helpdesk and Finance Helpdesk.

The Business Analyst will identify opportunities to improve existing policies and procedures, and business processes. Assists with administration of and participates in continuous improvement activities. Assists with developing and executing test scripts. Analyze the end-user impact of all change requests or enhancements. Identify opportunities across NYU Langone Healths business and departments and implement process or procedural improvements to create efficiency and high end-user satisfaction.

Job Responsibilities

Data Analysis


Conduct data analyses using UKG Pro, Finance Salesforce, PeopleSoft, Tableau, Excel, and other available reporting tools to identify trends, recurring issues, process gaps, system compliance concerns, and opportunities for improvement. Analysis may include timekeeping and payroll-related data, system ticket trends, enhancement requests, testing results, training participation, end-user adoption, productivity metrics, and department-level adherence to Finance timekeeping policies and procedures.
Monitor UKG system compliance in relation to Finance timekeeping policies and procedures, including review of timekeeping activity, recurring exceptions, punch edits, manager or timekeeper actions, and other system usage trends that may indicate training needs, process gaps, or non-compliance with established standards.
Provide recommendations based on data findings to support process improvement, identify training needs, improve end-user support, reduce recurring system or process issues, strengthen compliance with Finance timekeeping policies and procedures, and inform leadership decision-making.
Develop, maintain, and analyze operational reports and dashboards related to UKG Pro and Finance Salesforce support activities, including ticket volume, issue trends, project status, testing outcomes, training completion, communication/adoption metrics, and department-level process compliance.
Prepare reporting and analytics for Finance leadership, Payroll, HR, MCIT, and project stakeholders to monitor progress, identify risks, prioritize enhancements, evaluate process effectiveness, assess adherence to Finance timekeeping standards, and support business decisions.


Project Management


Manage multiple system, process improvement, training, testing, reporting, compliance monitoring, and change management initiatives related to UKG Pro and Finance Salesforce.
Support projects related to system enhancements, defect resolution, upgrade readiness, user acceptance testing, policy and procedure updates, training development, communication planning, reporting improvements, end-user support initiatives, and compliance with Finance timekeeping policies and procedures.
Track project tasks, document open items, coordinate with Payroll, HR, MCIT, Finance leadership, and operational stakeholders, and provide timely updates on project progress.
Facilitate status meetings, monitor timelines and deliverables, escalate risks or barriers, and ensure project documentation is complete and accurate.
Document defects, enhancements, requests, compliance concerns, and process improvement opportunities for UKG Pro and Finance Salesforce, including business requirements, testing outcomes, end-user impact, policy/procedure considerations, and recommended next steps.


Change management-


Create and deliver engaging PowerPoint presentations for leadership, effectively communicating key insights, project updates, and strategic recommendations.
Assist in developing and executing financial system test scripts for UKG Pro and Finance-Salesforce
Collaborate with Payroll and IT teams to document and evaluate test results.
Analyze the end-user impact of all change requests or enhancements.
Develop, review, document, and update policies and procedures related to financial activities.
Identify training and development needs through job analysis, research, and consultation with finance management and end users.
Work with teams to produce appropriate and effective training programs for all relevant parties in the division.
Engage and document thoroughly and accurately in-bound correspondence in Salesforce.
Assist Senior Business Analyst with creating and distributing end-user communications related to UKG Pro and Finance-Salesforce.
Administer and assist with training initiatives.


Content Creation


Design, develop, and modify training programs, including video courses.
Amend and revise programs as necessary to adapt to changes in the work environment.
Create and compile training materials and manuals.


Perform all other duties or special projects as assigned.

Additional Position Specific Responsibilities

Ensure end-user service both internally and externally. Communicate clearly and concisely with end users promptly. Organize tasks to assign appropriate resources and provide information. Demonstrate initiative to improve services and processes to end users. Demonstrate creative thinking for developing solutions. Manage

multiple tasks and projects. Respect and maintain the confidentiality of all financial information within NYULH. Demonstrate trustworthiness and integrity both to staff and end users. Facilitate a team atmosphere within Finance and respective departments. Cooperate and communicate effectively and harmoniously with administration, peers, general staff, and other NYULH personnel, both courteously and professionally.

Minimum Qualifications

To qualify you must have a Bachelors degree in Accounting, Finance, Economics or Business Administration or Management. Education experience with respect to computer applications and or computer science is a plus, but not required.

A minimum of 2 years of work experience in business process analysis, financial or data analysis or related tasks. The candidate must have analytical and computer skills to support the analysis, documentation and recommendations for improvements of processes across the finance enterprise. The Business Analyst should have solid communication skills that enable the individual to perform interviews with individuals, gather and interpret information as well as convey messages and findings concisely to relevant parties throughout the organization. The individual must be detail oriented and able to work independently and within a team on multiple projects simultaneously. Other minimum qualifications include intermediate working knowledge of Microsoft Office, with a strong emphasis on Excel, Word and Visio. Experience with PeopleSoft Query and Alteryx/Tableau is desired, but not required.

Preferred Qualifications

Familiarity with UKG Pro Workforce Management, Salesforce, Tableau, PeopleSoft, and Learning Management Systems (LMS).

Required Skills: Advanced Excel skills, Experience in content creation, Proficiency in Camtasia, Audiate, Articulate 360, or equivalent software

Qualified candidates must be able to effectively communicate with all levels of the organization.

NYU Langone Health provides its staff with far more than just a place to work. Rather, we are an institution you can be proud of, an institution where you'll feel good about devoting your time and your talents.

At NYU Langone Health, we are committed to supporting our workforce and their loved ones with a comprehensive benefits and wellness package. Our offerings provide a robust support system for any stage of life, whether it's developing your career, starting a family, or saving for retirement. The support employees receive goes beyond a standard benefit offering, where employees have access to financial security benefits, a generous time-off program and employee resources groups for peer support. Additionally, all employees have access to our holistic employee wellness program, which focuses on seven key areas of well-being: physical, mental, nutritional, sleep, social, financial, and preventive care. The benefits and wellness package is designed to allow you to focus on what truly matters. Join us and experience the extensive resources and services designed to enhance your overall quality of life for you and your family.

NYU Langone Health is an equal opportunity employer and committed to inclusion in all aspects of recruiting and employment. All qualified individuals are encouraged to apply and will receive consideration. We require applications to be completed online.

View Know Your Rights: Workplace discrimination is illegal.

NYU Langone Health provides a salary range to comply with the New York state Law on Salary Transparency in Job Advertisements. The salary range for the role is $70,481.60 - $80,000.00 Annually. Actual salaries depend on a variety of factors, including experience, specialty, education, and hospital need. The salary range or contractual rate listed does not include bonuses/incentive, differential pay or other forms of compensation or benefits.

To view the Pay Transparency Notice, please click here",https://www.linkedin.com/jobs/view/4433294566/?eBP=CwEAAAGfnz6GlsDsItQzK9H1F0CXo50JtuOw_X6eAUe2zmcZzXKCvS3CSnFq1dcJxkhLsNCKZ7DGPUg9IcAimAj_VgVGnAQSFcWZuWnqG2YSET3SHA_DtVUXF9E93NozOKAzrco-xyJoh_lYMvNzWFcxKGmygJDLET-fLdAryXK-kkjUEoxOf9QuKFw_0ejoxJYripvLbI1TLJT6ltUtSXG8ekU8xlUQNqUDh_uhSiTaWB5j1o5mDnlof9GkaYdv1Z2IOSHVz-eYbPuvep-DXl3xcJghVnt6oDQ9Xy0R0OaoAms5honFFyLx7bLwR72UYLeixho5SNuCqdiVmEp7lxQT6olv42GkfU-pjsqupP5N47DilXflIorWCq3OO4sCGZT_p5Op_2R1RSWkWIoWTJHWm2l0d0oJSrLnIn5loBfwP9jk_3-Q_J9WX_5mcGKVEmdvvUbcsProaL6tc7YubwbAB1a5Hch3GTx-85rqchU&refId=4UwZpI6sUNEzorNn45Rqow%3D%3D&trackingId=VHOixcNX7gZGmid0R0mDEg%3D%3D&trk=flagship3_search_srp_jobs,Business Analyst
Junior Business Analyst,Selby Jennings,"Chicago, IL (On-site)","About the job





Business Analyst / Business Development Associate 



A leading trading firm is seeking a Business Analyst to join its team. This role requires strong analytical, research, presentation, and interpersonal skills. The position combines oversight of current business operations with the exploration of new growth opportunities. We are looking for a motivated, intellectually curious individual who is eager to learn, take initiative, and assume ownership of projects. A high level of attention to detail and accuracy is essential.



Key Responsibilities



As a Business Development Associate, you will play a critical role in supporting and managing day-to-day business operations. This includes collaborating closely with the accounting team to reconcile daily transactions, as well as working with brokers and exchanges to investigate and resolve discrepancies. A successful candidate will also identify opportunities to improve these workflows through automation, increasing efficiency and scalability as the business grows.

In addition, the role involves analyzing business performance, identifying new strategic opportunities, and building relationships with industry partners such as exchanges, vendors, and other firms. Your analysis will directly support leadership in making informed strategic decisions and contribute to the company's long-term growth. The position also requires representing the firm professionally in external interactions, making strong communication and relationship-building skills essential.



Desired Skills & Qualifications


Bachelor's degree required, preferably in a quantitative or analytical field
Strong problem-solving, analytical, and communication skills
Advanced proficiency in Excel and similar analytical tools
Demonstrated interest in researching new opportunities and building business relationships
Flexibility to work across global markets and time zones
Prior experience in, or a strong interest in, finance and trading",https://www.linkedin.com/jobs/view/4444456126/?eBP=CwEAAAGfnz6Glt9le1Ta_XO49hFe8oMkp28cEFFIlyT3nMqwv3SN-UYg606TvUorYpxAN-pGMRxr_JsYgGkB0dxeuIwc-rI_oVr1ARiRtO6we76wjhd6GLrv4oU2bT4EnkAn8oHwSeNikty6-offAxk0yR7l77XBY8OsSyX7a5ytgdPLWlpHp0aRuDpPfPhmL_pv4PvIco7B32YmMmBbBRg4qci1nWrcCfs5OaGdt9cajKtnKLU7GS_6hjnWOAHbX0rtVaO0K-llYPejVzTmjxvRBkVxQ7Cz52ezdeT-k9t-UWTdZZ_wY1YBlrHRIe9kiFlI41do8mKq-x5DVBgE2C9SziIgkNtgyOfU3Q1wh5gBnrBY0DE-7kP1Yz2TbWkrDgnRfJMy1I1PLr7afi5zwdovZ-4fqa973v62k4WQOLj0IspK9c8--hZ-g9_E7aim6j2JGqH742gZxMWwtzvumcIzcwWOghKqD1YHE6LoCAw-VQ&refId=4UwZpI6sUNEzorNn45Rqow%3D%3D&trackingId=iF43Lyc%2FwPwEm4evABs4uw%3D%3D&trk=flagship3_search_srp_jobs,Business Analyst
